pressure,extension,episode_index
0.0,0.00064137863,0
119.5888001104031,0.0008064833,0
477.8784844045367,0.0012073019,0
1073.4408051011778,0.0018612096,0
1903.9016760895684,0.0027131247,0
2965.9506367330323,0.0038427326,0
4255.354048336165,0.005171096,0
5766.971970670587,0.0066564954,0
7494.778651284381,0.008274333,0
9431.886545918962,0.010005561,0
11570.573774280878,0.011909364,0
13902.314901721758,0.013886306,0
16417.814924121638,0.015896352,0
19107.046320501977,0.01807642,0
21959.289025665683,0.020264763,0
24963.17316352162,0.022541003,0
28106.724370745913,0.024993584,0
31377.41153010663,0.02742126,0
34762.19672317295,0.02997876,0
38247.58720328253,0.03274166,0
41819.689181587644,0.03559917,0
45464.26321177301,0.03851932,0
49166.78095266587,0.04157762,0
52912.48308246552,0.044827692,0
56686.43813372951,0.048247553,0
60473.6020145828,0.051779877,0
64258.87797888096,0.0553805,0
68027.17680626875,0.059030727,0
71763.47695223868,0.062726945,0
75452.8844284138,0.066394515,0
79080.69217435429,0.0,0
82632.43868421456,0.07394577,0
86093.96565454759,0.07763897,0
89451.47442345561,0.08125755,0
92691.58097610423,0.084774464,0
95801.36929733136,0.08816179,0
98768.44285867258,0.091418535,0
101580.97403455991,0.09452817,0
104227.75125070673,0.097481705,0
106698.22367673181,0.10025747,0
108982.54328486395,0.10282162,0
111071.60410706967,0.10519505,0
112957.0785341128,0.10737736,0
114631.45051184774,0.10934338,0
116088.04550241589,0.11107347,0
117321.0570909117,0.11279164,0
118325.57013145542,0.11404558,0
119097.58034040662,0.11480731,0
119634.01025861327,0.11552176,0
119932.72151906662,0.115992285,0
119992.52337105945,0.11619483,0
119813.1774268676,0.11616767,0
119395.39861203343,0.11581091,0
118740.85231546286,0.115174994,0
117852.1477506967,0.114334606,0
116732.82755482002,0.113189265,0
115387.35366647164,0.11184446,0
113821.08953924783,0.11022343,0
112040.27876140288,0.10837491,0
110052.02016707505,0.1062778,0
107864.23953825116,0.10398759,0
105485.65801027472,0.10147152,0
102925.75730684228,0.098774366,0
100194.7419430713,0.09589111,0
97303.49854730972,0.092834495,0
94263.5524638417,0.08962709,0
91087.02180948466,0.0862813,0
87786.56916722085,0.082809374,0
84375.35110942733,0.07922428,0
80866.96575191893,0.075549886,0
77275.39854786999,0.07181521,0
73614.96653769542,0.068048485,0
69900.26127712792,0.06425211,0
66146.09067099678,0.060476165,0
62367.41994457516,0.056740895,0
58579.31198780257,0.053074952,0
54796.867310186964,0.04950335,0
51035.16384574437,0.04604678,0
47309.19684793084,0.042717658,0
43633.81911416381,0.039525684,0
40023.68177821433,0.036472216,0
36493.17590649042,0.033560608,0
33056.37513102481,0.0,0
29726.979547849336,0.028095763,0
26518.261104393576,0.025534075,0
23443.010693608994,0.023071114,0
20513.487165717743,0.020697957,0
17741.368460839687,0.018408883,0
15137.705057297477,0.016200965,0
12712.875921168452,0.01407539,0
10476.54713268143,0.012037904,0
8437.633354385289,0.010099346,0
6604.262294689186,0.008275868,0
4983.742308432687,0.0065889372,0
3582.5332636394596,0.005064547,0
2406.2207905885807,0.0037317984,0
1459.4940158535828,0.0026206006,0
746.1268700685832,0.0017589389,0
268.963043933647,0.0011702958,0
29.90465242956998,0.0008716756,0
29.904652429577254,0.0008722491,0
268.9630439336397,0.0011725951,0
746.126870068576,0.0017646521,0
1459.4940158535755,0.0026323865,0
2406.220790588588,0.0037530784,0
3582.533263639474,0.0050992686,0
4983.74230843268,0.006641352,0
6604.262294689179,0.008350386,0
8437.633354385274,0.010200467,0
10476.547132681415,0.012170279,0
12712.875921168466,0.014243877,0
15137.705057297455,0.016410822,0
17741.368460839672,0.01866596,0
20513.487165717735,0.02100893,0
23443.01069360898,0.023443583,0
26518.261104393605,0.02597737,0
29726.979547849365,0.028620368,0
33056.37513102479,0.031383943,0
36493.1759064904,0.03428076,0
40023.68177821431,0.03732178,0
43633.81911416378,0.040515244,0
47309.19684793087,0.043865044,0
51035.16384574435,0.047368675,0
54796.86731018694,0.05101767,0
58579.311987802546,0.054795083,0
62367.41994457514,0.058679402,0
66146.09067099681,0.06266275,0
69900.26127712791,0.06665824,0
73614.9665376954,0.07069119,0
77275.39854787002,0.07471636,0
80866.96575191892,0.07869239,0
84375.35110942736,0.08262077,0
87786.56916722082,0.08645465,0
91087.02180948465,0.09019758,0
94263.55246384171,0.09382042,0
97303.49854730969,0.097294874,0
100194.74194307133,0.10062666,0
102925.75730684225,0.10378879,0
105485.65801027472,0.10677222,0
107864.23953825119,0.10955723,0
110052.02016707504,0.11212999,0
112040.2787614029,0.11448909,0
113821.0895392478,0.11661497,0
115387.35366647164,0.118492424,0
116732.82755482005,0.12011422,0
117852.14775069669,0.12147196,0
118740.85231546288,0.12255521,0
119395.39861203343,0.12336931,0
119813.1774268676,0.12390816,0
119992.52337105945,0.12416981,0
119932.72151906662,0.1241533,0
119634.01025861327,0.123858824,0
119097.58034040664,0.12328339,0
118325.57013145542,0.122436196,0
117321.05709091171,0.12131495,0
116088.0455024159,0.11992551,0
114631.45051184771,0.118298195,0
112957.07853411284,0.11636072,0
111071.60410706967,0.11419817,0
108982.54328486396,0.11182633,0
106698.22367673181,0.109186426,0
104227.75125070671,0.10637808,0
101580.97403455993,0.10335328,0
98768.44285867258,0.100157954,0
95801.3692973314,0.096796714,0
92691.58097610423,0.09328349,0
89451.47442345558,0.0896413,0
86093.9656545476,0.085870944,0
82632.43868421455,0.08200635,0
79080.69217435434,0.07805657,0
75452.8844284138,0.074046336,0
71763.47695223865,0.069995254,0
68027.17680626876,0.065942794,0
64258.87797888093,0.06191327,0
60473.60201458284,0.057938986,0
56686.438133729505,0.05404931,0
52912.48308246558,0.050270453,0
49166.78095266588,0.0466255,0
45464.26321177298,0.04312868,0
41819.68918158767,0.03978779,0
38247.58720328253,0.036603905,0
34762.196723172994,0.03357218,0
31377.411530106638,0.03068343,0
28106.724370745887,0.02792664,0
24963.173163521657,0.025285969,0
21959.289025665676,0.022756163,0
19107.046320502013,0.020322656,0
16417.814924121645,0.01798049,0
13902.314901721737,0.015726853,0
11570.5737742809,0.013563664,0
9431.886545918955,0.011498091,0
7494.778651284403,0.009543016,0
5766.971970670595,0.0077171996,0
4255.35404833615,0.0060450216,0
2965.9506367330396,0.0045553367,0
1903.901676089561,0.0032794874,0
1073.4408051011924,0.0022484912,0
477.8784844045367,0.0014899914,0
119.58880011039582,0.0010256758,0
0.0,0.00086943636,0
9014.286128198324,0.0111090755,0
10987.455812139056,0.013043789,0
12670.39778175485,0.01463855,0
14665.387754962958,0.01647446,0
16483.982608614322,0.018107364,0
18506.282843478497,0.019887248,0
8917.972729394545,0.011027062,0
15566.82554540298,0.01730066,0
9203.324889544992,0.011317094,0
7248.264654214799,0.009325224,0
7743.393286859556,0.009841203,0
3567.9760908203943,0.0052802535,0
0.0,0.00087221974,0
0.0,0.0008724229,0
5703.519227860272,0.007686519,0
7579.51918140975,0.009681667,0
9427.810558650599,0.011558965,0
9427.810558650599,0.011561211,0
2838.29303239643,0.0044288025,0
2687.9907914728115,0.0042500906,0
12000.631452963999,0.014060995,0
8092.906836431413,0.010222592,0
6092.9264233300055,0.008121545,0
4895.976298122032,0.006808464,0
3822.830462121162,0.0055902866,0
0.0,0.000874745,0
0.0,0.00087492936,0
0.0,0.00087511237,0
934.2055868655934,0.0020878003,0
2803.9956979149592,0.0043976563,0
8306.65216513725,0.0104583725,0
16203.199173690227,0.017948765,0
24640.683874152564,0.02526789,0
23217.11318941432,0.024057131,0
21294.318205655203,0.02241264,0
21294.318205655203,0.022416396,0
19067.863999444842,0.020491846,0
25642.61418248343,0.026145222,0
21261.304376231044,0.02239908,0
14079.788875726297,0.016047673,0
5570.801749321714,0.0075785588,0
11015.697135254863,0.013168711,0
12689.008412326975,0.014763761,0
12689.008412326975,0.014766075,0
16826.15528927932,0.018542713,0
22251.562222998233,0.023276638,0
20559.121414647892,0.021820772,0
12876.502605150486,0.014951013,0
15342.465141701645,0.017222187,0
6613.632147422117,0.008720548,0
3117.298587957058,0.004788274,0
5868.448015061321,0.00791843,0
5312.746518300307,0.007308327,0
7271.461804508141,0.009423412,0
12487.16277684609,0.014600445,0
17906.506375937308,0.019531356,0
18361.16296357719,0.0199348,0
8869.545498459094,0.011077303,0
7542.277730033159,0.009714344,0
7542.277730033159,0.009715762,0
3829.3973515596927,0.0056329765,0
11980.726830081552,0.014134774,0
10188.385290794147,0.012401902,0
4764.348600626597,0.006706465,0
5867.201963109977,0.007932556,0
0.0,0.000881214,0
6162.40759128834,0.008256294,0
13591.619395042695,0.015661329,0
7323.020572763412,0.00949813,0
8109.865411076426,0.010319079,0
16031.691409546289,0.0,0
8232.729900099825,0.010448454,0
6774.8856726249505,0.008922354,0
13989.497337751818,0.016042337,0
13989.497337751818,0.01604437,0
12337.717400727399,0.014500438,0
4735.024747401055,0.0066856034,0
13593.218825651438,0.015682895,0
13969.031260518761,0.016033443,0
11241.623308104641,0.013458167,0
20490.569206946864,0.021863949,0
20435.539324794576,0.021818735,0
16132.349212343928,0.018016007,0
16132.349212343928,0.01801816,0
16185.929676921158,0.018068573,0
14193.75667068197,0.016254703,0
22359.074390015045,0.023500958,0
15256.971831839506,0.017233359,0
24969.98091405152,0.0,0
28412.691862169093,0.028729683,0
23165.442742017087,0.024209168,0
20521.105396402152,0.02191923,0
23191.699611620046,0.024237532,0
14997.495012708212,0.017008254,0
11413.096312142929,0.013647698,0
10678.485613874545,0.012935138,0
10678.485613874545,0.012936575,0
14229.772850720194,0.016310053,0
14229.772850720194,0.01631182,0
8759.688354678954,0.011024608,0
2247.0169347787833,0.0037664825,0
0.0,0.00088577496,0
0.0,0.00088588765,0
0.0,0.0008859997,0
7546.787067619622,0.009775632,0
10746.467988303202,0.013015676,0
11850.484220292448,0.014086435,0
6687.530038301482,0.00886629,0
5569.951940598249,0.007648308,0
13578.313083864858,0.015725244,0
10358.90890483887,0.01264154,0
14878.022482243658,0.016931033,0
22619.750967546002,0.023795476,0
25460.383890631758,0.026255708,0
26332.713401127407,0.027012417,0
27961.092844144274,0.028425405,0
30089.674037336074,0.030280374,0
30089.674037336074,0.030283716,0
31363.15005161435,0.031402342,0
21464.381728538723,0.022807244,0
20854.76048633429,0.022278206,0
24692.664440188157,0.02561404,0
19178.050629399353,0.020811085,0
13923.032379335355,0.016067956,0
18852.86048169584,0.02052784,0
25837.328691579398,0.026613716,0
27203.50075828883,0.027800601,0
28442.56564599273,0.028879616,0
23746.61299962724,0.02481089,0
33206.82409467615,0.03306974,0
41047.755198218416,0.04023656,0
46943.981269051386,0.045942634,0
48482.05896157857,0.047484487,0
42386.91871753946,0.041520827,0
38002.36596635658,0.03742086,0
38002.36596635658,0.037425116,0
31544.579554497555,0.031622384,0
40623.15109454931,0.03987055,0
38026.32509965819,0.037459813,0
38026.32509965819,0.03746399,0
36590.00806600448,0.036153004,0
45862.40760778953,0.044931393,0
41751.385449181245,0.04096035,0
48774.118879518384,0.047847893,0
42163.973813240234,0.0413627,0
50887.069296455855,0.050014775,0
52288.29269824315,0.05147127,0
50394.54698185646,0.04952201,0
60195.623983941725,0.059956394,0
58631.18098393464,0.058252994,0
66178.64242249375,0.06665546,0
70118.9572423991,0.07116041,0
67308.7802667942,0.06795806,0
73496.00337636448,0.075079836,0
80837.44974796654,0.08366679,0
81064.2977251853,0.08394619,0
87030.2013045208,0.09100239,0
91069.53884967486,0.09581672,0
98869.6456860262,0.10517806,0
96381.30473882507,0.10220136,0
94393.52743097833,0.099832125,0
85112.37290691317,0.08879881,0
85965.2656010647,0.08982187,0
87781.93081244492,0.09198832,0
87781.93081244492,0.09200194,0
87781.93081244492,0.09201554,0
84985.74364067017,0.08871459,0
86924.6549808274,0.09102681,0
92324.52604279961,0.09747489,0
94782.33555917961,0.10043348,0
94430.18431928245,0.10002568,0
93177.27192710344,0.09853819,0
93989.97435930558,0.09952681,0
98511.8010337588,0.10498424,0
98837.80799978272,0.10539334,0
104741.53189515679,0.11257427,0
103520.96030926952,0.11110504,0
104541.34032527305,0.112363614,0
104541.34032527305,0.1123801,0
111260.94273551716,0.12059434,0
109440.00162380256,0.11838515,0
110579.47751903649,0.119796,0
110791.4525425388,0.12007238,0
111775.9858366612,0.121292986,0
114979.93337101582,0.12522048,0
120000.0,0.13135688,0
120000.0,0.13137557,0
118392.0012485558,0.1294374,0
115511.45482158102,0.12594016,0
105799.32459417614,0.114089355,0
107165.84802364839,0.115776666,0
107165.84802364839,0.115792856,0
107165.84802364839,0.11580292,0
111239.00521124886,0.12080625,0
103195.6884242689,0.11099278,0
102665.12383988021,0.110358156,0
101518.36009589936,0.108976245,0
99488.45478384683,0.10652334,0
102190.3278011997,0.109824285,0
102190.3278011997,0.109839074,0
104707.52611548443,0.11293063,0
111837.32293925088,0.12167137,0
105096.01148087948,0.11342495,0
106744.69120785597,0.11545978,0
97274.9174186884,0.103935435,0
106079.52224718756,0.11467474,0
103842.920771318,0.11195866,0
103007.97858114833,0.11095395,0
111837.27475667883,0.12178515,0
120000.0,0.1317903,0
113915.82269578593,0.12436402,0
111981.32917079903,0.1220099,0
110527.04417063732,0.120241046,0
110527.04417063732,0.12025644,0
110896.60765975867,0.12072622,0
102320.38062896325,0.110227555,0
109217.88684835234,0.11869409,0
109217.88684835234,0.118709356,0
104854.98234382033,0.1133734,0
105735.24132126312,0.114458814,0
108314.0982568608,0.11764284,0
113015.51913293851,0.123436935,0
108656.21058436464,0.11809375,0
106656.91487229166,0.115648896,0
112793.60965763693,0.12321139,0
111045.96319586546,0.12107907,0
116574.2224107054,0.12787943,0
120000.0,0.1320959,0
118579.88054750036,0.1303742,0
120000.0,0.13212891,0
121890.87066804954,0.13214535,0
120000.0,0.13216172,0
116400.99202061223,0.12776767,0
114185.02559529549,0.12505893,0
114185.02559529549,0.12507427,0
106010.75913101816,0.11502678,0
115011.99847203426,0.1261206,0
116480.75623449999,0.12794347,0
115449.6666740664,0.12668878,0
112022.95758146471,0.12249068,0
117070.44817021831,0.12871476,0
120000.0,0.13232315,0
121997.63044944716,0.13233905,0
113148.80564978004,0.123935305,0
111979.41567724758,0.122510366,0
108997.71592828915,0.118847564,0
108077.90894690997,0.11772577,0
106419.27243703752,0.11569256,0
108783.63370336275,0.11862507,0
106947.08006605475,0.116370775,0
105714.99914767744,0.11486005,0
97170.25927496131,0.10439825,0
101295.10381809123,0.10945452,0
102779.43241517531,0.11128927,0
104724.69254966013,0.11369151,0
102210.10846478253,0.11061464,0
108466.09980993258,0.11834223,0
118186.12108638999,0.13034348,0
115711.3127970083,0.1273126,0
114431.00095967534,0.12575,0
115599.08595439144,0.12720335,0
120000.0,0.13263327,0
118376.7932257266,0.13065235,0
108603.86612107497,0.11860642,0
99729.93163471171,0.10767857,0
100780.60126216436,0.108979106,0
102518.53277459284,0.11112803,0
107439.43035990131,0.117218085,0
116682.88132939214,0.1286535,0
112397.12305502935,0.123379976,0
106869.03982541841,0.11654729,0
97112.12931921474,0.10455279,0
87975.32755822627,0.09346818,0
88529.34973995227,0.09414806,0
80005.28103466025,0.08391705,0
89391.33174704223,0.09520842,0
91979.30450974748,0.09835246,0
91070.12580510294,0.097259395,0
92756.41204356495,0.099316694,0
83665.3396503941,0.08834335,0
92673.56933192528,0.09923619,0
91786.70438763953,0.098168574,0
87334.32804726218,0.092790425,0
87078.37077150423,0.092488885,0
84145.41533202528,0.088964425,0
75700.10807132498,0.07887733,0
85424.32296091704,0.090521,0
86146.25028779944,0.09140018,0
92422.15068193841,0.09900994,0
85674.48946883624,0.09084898,0
92125.23432729962,0.09866829,0
96639.62449506682,0.104188494,0
95004.4852208792,0.10219902,0
102325.76301088737,0.11120428,0
102325.76301088737,0.11121548,0
102325.76301088737,0.11122665,0
108536.82962652404,0.118942104,0
101545.1674485946,0.11028537,0
99162.98458121503,0.107361324,0
106005.3630439292,0.11582667,0
105379.22623982861,0.115063,0
100847.36767844274,0.10946788,0
101251.66744127404,0.10997752,0
107509.6876238756,0.117747,0
117442.4243653537,0.13008343,0
120000.0,0.13325791,0
120000.0,0.13327135,0
119010.88270620187,0.13206257,0
118887.04203168975,0.13192266,0
120000.0,0.13331148,0
120000.0,0.13332479,0
117163.2543606568,0.1298289,0
115399.68512302724,0.1276557,0
115805.8391411031,0.12817307,0
116209.10916334298,0.12868538,0
117247.24593883268,0.12998413,0
120000.0,0.13340402,0
112680.30456901282,0.124343865,0
112680.30456901282,0.12435588,0
115086.49559608211,0.12735447,0
109345.77882626033,0.1202312,0
108795.42316951393,0.11955715,0
108795.42316951393,0.11956852,0
110593.7769066066,0.121819384,0
109343.27534708117,0.1202738,0
106308.38468754718,0.11650059,0
111981.44494237004,0.12358203,0
114423.17894692751,0.12662835,0
120000.0,0.13355915,0
121814.90622835788,0.1335719,0
120000.0,0.13358459,0
119182.71512476522,0.13258485,0
119035.07700462261,0.13241431,0
120000.0,0.13362253,0
111517.26656217327,0.12309664,0
109839.10710504638,0.12101554,0
107844.76052749822,0.1185382,0
106022.51242698109,0.1162721,0
104818.51269162589,0.11478136,0
98456.11437960879,0.106898956,0
106391.88257772902,0.116765626,0
109743.03734814956,0.12096201,0
111696.2190840367,0.12340987,0
113616.55123431979,0.12581272,0
113616.55123431979,0.12582414,0
114183.84669902961,0.1265417,0
107724.05638456455,0.11849443,0
106416.74632966398,0.11686981,0
104543.82238116155,0.11454142,0
98670.4967492774,0.107257,0
98738.84216637454,0.107350744,0
89525.08496319651,0.09603699,0
92083.09275301467,0.099173605,0
93163.72273022692,0.10050709,0
101581.17074086318,0.11091244,0
103581.17074063601,0.11341127,0
109705.19633649723,0.12107625,0
103395.61672362479,0.11319951,0
100805.05877945243,0.10998584,0
103170.15421005835,0.11293787,0
102420.8485327213,0.11201404,0
93154.51259053325,0.10056187,0
97421.5043082243,0.10582904,0
97655.05315053763,0.10612662,0
89798.49337733314,0.09647225,0
90450.8387064336,0.09727842,0
85835.70332542121,0.09165492,0
76237.12728097575,0.08006737,0
70466.08742090664,0.073194854,0
62861.33005729166,0.064310715,0
64733.179128372634,0.0664793,0
70516.6039005194,0.073270574,0
62255.009662267876,0.06362663,0
63991.832022685456,0.06563358,0
62625.022947279045,0.06406066,0
60946.89628848136,0.06214236,0
58208.542216454065,0.0590464,0
59624.1083098323,0.060646776,0
69354.4132856919,0.07193205,0
64098.949120411795,0.06578445,0
66094.547677773,0.068111286,0
67909.4285748036,0.07024374,0
61123.05603999472,0.062372103,0
61396.50061516115,0.06268884,0
54863.97252105625,0.05535837,0
46468.64743428909,0.046437617,0
44676.583974082314,0.04461818,0
36917.36201744336,0.03706634,0
46306.77068295074,0.046278972,0
52648.21210193633,0.0529588,0
46065.96384973765,0.046037443,0
54653.48363228937,0.055150148,0
56085.737421687365,0.056734215,0
61475.59608552611,0.062819675,0
63067.2077713654,0.06465512,0
61575.93654369374,0.0629428,0
56424.131191995344,0.057123665,0
55328.647451228026,0.05591301,0
51101.258516033144,0.051322103,0
44188.512821517186,0.044155266,0
44840.301472548905,0.044814263,0
43774.66094077004,0.043744255,0
36462.954479549524,0.036662206,0
37311.339792201295,0.037462372,0
33758.416691695755,0.034154456,0
28851.22978697103,0.029713536,0
34055.78698476476,0.03443059,0
33487.310755767925,0.0339093,0
30464.67608662783,0.031164031,0
37077.06424238242,0.03725019,0
29563.008712093313,0.030355783,0
38329.81784851407,0.03844142,0
36380.53404226324,0.03659927,0
34884.438987869486,0.03520541,0
36373.90125146772,0.03659587,0
29169.34878399351,0.030007925,0
23201.8951849484,0.024707116,0
25031.392079803212,0.026328372,0
27024.32536333543,0.02809733,0
30328.269777259433,0.031052621,0
27504.879459729484,0.02852659,0
25353.78160818219,0.026617177,0
24136.47977958656,0.025539372,0
23390.07549297869,0.024879027,0
28342.26309650371,0.029276777,0
22986.516999440057,0.024522502,0
20664.341426904284,0.022458982,0
28793.783646195225,0.029683093,0
21131.744460362504,0.022876281,0
23685.90552179086,0.025145136,0
16471.34697505861,0.018675633,0
18872.80209362888,0.020856868,0
26750.653754648036,0.027865728,0
19784.151349303058,0.021676296,0
14753.934145592373,0.01708799,0
5424.582840307961,0.007617716,0
10673.756555121772,0.013162492,0
7515.391529439921,0.0099124815,0
0.0,0.00090427685,0
0.0,0.00090430287,0
5945.907315591072,0.008203296,0
7056.158991817978,0.009420473,0
11501.210359679304,0.01398175,0
14324.16301738525,0.016688906,0
15178.651884337174,0.017488027,0
12092.571754415563,0.014559662,0
12198.678724955435,0.014662916,0
13866.514620277843,0.016259106,0
13106.630693160498,0.015537264,0
6173.658755482102,0.008457816,0
6291.432333171422,0.0085880775,0
0.0,0.0009046091,0
8642.365649672247,0.011102585,0
12575.382127210092,0.015029279,0
16720.154813478064,0.018914446,0
18650.094779363382,0.020668339,0
20784.3957070205,0.022583159,0
25513.28041951496,0.026785262,0
34024.65067765048,0.03446375,0
26289.411594465586,0.027476447,0
33067.373323384265,0.033584367,0
31230.795816261,0.031909674,0
38628.723057503565,0.038802084,0
40454.23177240215,0.04057032,0
31549.464548842778,0.032201946,0
37606.53352080301,0.037829306,0
37606.53352080301,0.037830602,0
35569.90739262188,0.035910517,0
43967.019720877084,0.044064358,0
40906.08375880164,0.041021124,0
39950.44257659778,0.04008986,0
38999.23289925165,0.039170742,0
38256.3687203778,0.03845862,0
36714.189080545795,0.036993377,0
35092.698070636754,0.035472818,0
32340.576052969416,0.03293371,0
34985.861811360024,0.03537546,0
34985.861811360024,0.035376564,0
28546.581148755053,0.029505024,0
21519.835703817313,0.023251403,0
13226.82906539019,0.015662983,0
13270.729272015042,0.015705206,0
4612.258819783592,0.0066961003,0
0.0,0.00090537284,0
0.0,0.0009053956,0
-1124.9326265644563,0.00090541824,0
-1124.9326265644563,0.0009054408,0
171.89003868787177,0.0011392813,0
-1557.182560000672,0.00090548577,0
0.0,0.0009055081,0
0.0,0.00090553047,0
1192.806626164358,0.0024970353,0
2826.3266254099753,0.004565711,0
4813.110844742837,0.00692986,0
13735.420087415492,0.016151372,0
9150.313550286568,0.011637987,0
7324.996972248496,0.009721587,0
7324.996972248496,0.009721785,0
5870.6705853611975,0.008130097,0
9049.149423564224,0.011534792,0
9049.149423564224,0.0115350215,0
3670.6453553256515,0.0055903536,0
0.0,0.0009057932,0
343.46438021953566,0.0013716526,0
0.0,0.0009058361,0
0.0,0.0009058575,0
1989.6474573421347,0.0035225123,0
6434.986094455318,0.008756869,0
13039.38338579515,0.015492464,0
16401.086117208073,0.018643571,0
12264.040722428337,0.014745992,0
2524.0791926430575,0.0041937693,0
525.663124428932,0.0016166139,0
0.0,0.0009060263,0
-1146.7143496310853,0.00090604706,0
0.0,0.00090606784,0
6348.871234768818,0.008663621,0
1537.339903394667,0.0029453079,0
3343.238753690822,0.0051987045,0
5826.216910673503,0.008083823,0
6867.160527713107,0.009231541,0
2756.47571855146,0.0044824965,0
8028.591601746676,0.010475574,0
6668.52250917839,0.009015592,0
6417.146474168662,0.008740141,0
12414.251593114968,0.014895596,0
2863.637759517316,0.0046149124,0
3696.322052734655,0.005624041,0
0.0,0.0009063326,0
1139.5254415684608,0.002429527,0
10827.569055639502,0.013341318,0
4261.154772605572,0.006293242,0
0.0,0.0009064122,0
0.0,0.00090643193,0
0.0,0.00090645166,0
3028.4077670372844,0.0048177177,0
0.0,0.0009064909,0
0.0,0.0009065104,0
-1846.8937604859734,0.0009065299,0
5630.907790764331,0.007867727,0
7641.244999437398,0.010068153,0
1148.6705719063903,0.0024420964,0
0.0,0.0009066073,0
378.3541056567501,0.0014198826,0
378.3541056567501,0.0014199122,0
1838.6806309979472,0.0033333974,0
0.0,0.0009066839,0
0.0,0.0009067029,0
0.0,0.00090672186,0
4380.9181036849095,0.006435661,0
5709.010909622853,0.0079571,0
8982.434216875816,0.0114769945,0
13633.876161080821,0.016072227,0
4257.5388623065155,0.006291597,0
6159.097476311612,0.008459852,0
7883.750484755903,0.010328541,0
9820.607463093687,0.01233591,0
15238.851538010125,0.017583637,0
16371.017113422215,0.018632602,0
16574.158532382047,0.018819839,0
16483.984856506017,0.01873723,0
15180.53162858094,0.017530456,0
21562.577982064933,0.0233291,0
25456.507399153466,0.02680013,0
27261.12073653521,0.028411977,0
19092.76220306789,0.021114225,0
11829.134821447118,0.014337029,0
10749.250280606233,0.013271794,0
12651.378216831403,0.015135758,0
20110.29493435957,0.022031587,0
26241.517891588563,0.027503846,0
30087.04918194561,0.030960359,0
25080.409359129328,0.026469072,0
19504.598195521372,0.021488413,0
28385.784989253636,0.029426852,0
28385.784989253636,0.029427465,0
36890.75133756695,0.037271533,0
35885.68876073471,0.036319952,0
44195.45471249554,0.04446427,0
44195.45471249554,0.044465624,0
40142.43485994656,0.040416177,0
49563.599763253915,0.050076146,0
49047.88409640319,0.049527097,0
55938.8720671046,0.057084475,0
62517.18155011815,0.06464281,0
62517.18155011815,0.06464543,0
57117.35829587221,0.058422733,0
55174.16678083065,0.056234468,0
53241.946802305596,0.054088186,0
50039.446077666915,0.0506002,0
41346.57289364576,0.041614506,0
42136.3987411525,0.042402547,0
38511.4487997939,0.038841292,0
46231.00376451764,0.04657938,0
40890.19325959032,0.04116753,0
40890.19325959032,0.04116864,0
31315.58147659806,0.032094862,0
31894.3241571423,0.032625195,0
37869.988872615606,0.038228974,0
34884.22518164981,0.035397064,0
32922.843453834656,0.033573646,0
35472.952718202054,0.035951708,0
45154.62210218796,0.04547858,0
43509.95774553464,0.04380042,0
48261.60377731247,0.048726615,0
40471.08603994036,0.040766135,0
36215.865873022,0.03665771,0
30888.020894020196,0.031711962,0
30888.020894020196,0.031712603,0
30888.020894020196,0.031713244,0
29443.483568737443,0.030402223,0
33036.42922259884,0.033686556,0
42035.652901603346,0.042326365,0
33823.87294784853,0.03441816,0
41406.23909909183,0.04170099,0
40754.269324089226,0.04105607,0
34094.94824593073,0.034672763,0
28728.3822735996,0.029760377,0
31721.31525344697,0.03248079,0
31975.085473777144,0.032714255,0
25505.64611388731,0.0268718,0
19234.411356772398,0.021261347,0
16236.916540106999,0.018527681,0
15309.232096877902,0.017667383,0
22984.949796146415,0.02462422,0
32883.10624907512,0.033554677,0
31050.087268674026,0.031871837,0
36214.85678275585,0.03667436,0
29292.77490955295,0.030276265,0
23781.586346286163,0.02533703,0
24521.074804154436,0.025997246,0
26122.79896091066,0.027428413,0
28050.373657045504,0.02915772,0
23362.374508819626,0.024964616,0
23955.05408581427,0.025493868,0
33068.084050409336,0.033732604,0
39258.4055449069,0.03960896,0
40275.55295708968,0.04060677,0
38292.002965870015,0.03867255,0
35745.773306116294,0.036239747,0
40214.17557988799,0.04054926,0
31835.09989804095,0.03259995,0
35500.27517123287,0.036010206,0
37242.58477462809,0.037667166,0
37145.51531490758,0.037575066,0
38993.67100809793,0.039359387,0
35949.855166141795,0.036438312,0
37264.494446057615,0.03769148,0
44837.094173160775,0.04521015,0
48006.13086632929,0.048521183,0
55352.014885525336,0.056556724,0
62092.28145279878,0.06430903,0
65695.09688800479,0.068567455,0
70749.42967915762,0.07463719,0
71291.29928978995,0.075295754,0
78728.1698446946,0.08437791,0
78728.1698446946,0.084381245,0
71305.5671941635,0.07532158,0
76175.73231999564,0.081256375,0
76893.79275935264,0.08213891,0
83536.47631850748,0.09032896,0
73664.19375284415,0.07819849,0
76002.732120359,0.08105719,0
78639.00266069236,0.08429479,0
81319.11672268459,0.08760021,0
86916.02462570746,0.094547644,0
86898.38229347969,0.0945295,0
87723.7138670019,0.09556291,0
84561.15718777562,0.091628924,0
93201.71929797597,0.10244476,0
95027.5851958619,0.104755655,0
98785.29964187817,0.10953277,0
99084.99445334512,0.1099198,0
103248.43622625075,0.11525303,0
101746.42192374944,0.113331474,0
98664.08306280858,0.10939746,0
89578.92373905884,0.097918935,0
99048.70312260678,0.10989758,0
104041.73975746527,0.11629896,0
104454.73371084711,0.11683405,0
94946.47204002315,0.10469739,0
94946.47204002315,0.104702085,0
94719.33584811646,0.10441862,0
98385.24338024657,0.1090799,0
93857.77670587989,0.10333756,0
92381.40275059934,0.10147833,0
85653.87917443273,0.09305321,0
89527.5236900625,0.097897895,0
81175.14460237935,0.08750343,0
84265.36888800206,0.091336824,0
93282.64013301027,0.10263631,0
93132.39801037461,0.10245074,0
102004.7164137266,0.11375296,0
104775.23536700831,0.11732067,0
100259.5394139817,0.111526,0
98446.21954028256,0.109213375,0
93045.31165810429,0.1023615,0
83667.9933157945,0.09062254,0
81038.52019026973,0.08736722,0
80502.71832410088,0.086708225,0
74213.2286381633,0.07898073,0
79745.16569399813,0.08577918,0
86640.83025633589,0.09434202,0
89165.2366889642,0.09750493,0
89447.53639032299,0.09786294,0
89447.53639032299,0.09786672,0
91780.54268073775,0.10080593,0
91410.98971098875,0.100344084,0
93093.89910571266,0.10247195,0
94052.69727416772,0.103689134,0
92658.81517215697,0.101930216,0
92490.70610698572,0.10172188,0
90807.73156400729,0.0996037,0
86187.59965270925,0.09381467,0
82394.83883118072,0.08909944,0
72627.24962934274,0.07708604,0
72345.06929871852,0.07674487,0
71943.84599306098,0.076259,0
67777.09756724705,0.07121849,0
74979.54551103114,0.079971366,0
65771.9220179983,0.06881895,0
57870.52558636179,0.0595481,0
67603.77745170472,0.07101932,0
67173.4785985196,0.070504524,0
69536.593284882,0.07335547,0
70729.56695462027,0.07480349,0
70729.56695462027,0.07480596,0
71083.7998223145,0.0752386,0
70259.61778307061,0.07424082,0
60923.67995889795,0.06310278,0
62011.77276671968,0.06438098,0
54666.087847580886,0.05592078,0
58455.3872303262,0.060240634,0
52458.39211522241,0.053461075,0
53531.48707587187,0.054654416,0
53664.070714546186,0.054803845,0
57793.58524428421,0.05948551,0
57793.58524428421,0.059487205,0
48833.01091731366,0.04951745,0
53014.22130633199,0.054085758,0
57295.95994898054,0.05892119,0
54084.96379983666,0.05528345,0
45687.26072753016,0.046195395,0
46639.108250604884,0.047192838,0
45685.473940970885,0.046195608,0
46213.52715969315,0.046748348,0
37846.12680030494,0.038326815,0
38531.031394192185,0.038992,0
31721.92499645595,0.032555867,0
26106.204743616836,0.027462088,0
22844.120579038972,0.02454179,0
20850.465788171747,0.022754656,0
24024.621298189268,0.025598746,0
25131.892316941892,0.026590249,0
19700.987143567865,0.021720184,0
29196.850386503527,0.030251596,0
23187.69940508643,0.024851082,0
14631.667584669947,0.017061315,0
14631.667584669947,0.017061496,0
13884.126719456273,0.016354742,0
18427.50811478243,0.020567741,0
16937.374803743936,0.019205714,0
14358.15006343599,0.016804308,0
5160.333891685641,0.0073578414,0
6733.842063133508,0.009117859,0
11238.995271436239,0.013792662,0
18707.460033069452,0.020823468,0
17141.87857053856,0.019394828,0
18988.885142405805,0.02107921,0
13202.128922519136,0.015705306,0
15833.333324369547,0.018187232,0
8464.687026914744,0.010970986,0
16645.337440227562,0.018939054,0
16477.32845315894,0.018784238,0
25905.230333991734,0.027290383,0
24137.46128875549,0.025706984,0
23983.018417716186,0.025568925,0
31398.016443166413,0.032271795,0
31694.363521760217,0.03254505,0
33553.380550458765,0.03426959,0
34409.800371496305,0.03507244,0
43798.046818202056,0.044280376,0
46932.7801090279,0.047543418,0
52402.24262275991,0.05346614,0
53689.27274306584,0.05490093,0
52765.063570738625,0.053871375,0
44234.99851733888,0.04473366,0
42799.00736732952,0.043265726,0
39539.07089595524,0.04000793,0
38156.82136919136,0.038657155,0
40499.72110127196,0.04095892,0
33840.55925929096,0.034544323,0
34157.86412216438,0.034842253,0
34157.86412216438,0.034842778,0
37433.95467460048,0.037960436,0
44317.363653984416,0.044826526,0
46024.45094191946,0.04660163,0
40141.27514265482,0.040608633,0
40105.81101320008,0.040574245,0
31247.548134986377,0.032143414,0
39979.661980885605,0.040451195,0
39979.661980885605,0.040451903,0
38176.1113418568,0.038684353,0
46853.611692414896,0.047480848,0
46998.307866182746,0.047634814,0
46998.307866182746,0.0476358,0
48534.85578160632,0.049274113,0
57837.22971032723,0.05964906,0
57837.22971032723,0.059650563,0
60619.62846663724,0.0628876,0
59714.42557931442,0.061831214,0
59491.35718445282,0.061572626,0
52284.38227957908,0.053371783,0
52284.38227957908,0.053372998,0
56377.99753431201,0.05798395,0
59846.646200810355,0.06199169,0
51724.66051659872,0.052757494,0
50599.66490269014,0.05152285,0
44142.66069163786,0.044666424,0
50904.96648460007,0.051859353,0
54569.92705039299,0.055938613,0
56926.871854417266,0.058622334,0
58339.066787193864,0.06025134,0
58339.066787193864,0.060252827,0
62129.601807825085,0.06468986,0
56443.10485577943,0.058073793,0
54320.392968862594,0.055665,0
46452.253575022405,0.047080345,0
56440.528090435735,0.058075003,0
56440.528090435735,0.058076385,0
54578.687304893145,0.055961493,0
60226.396986058615,0.062462486,0
64995.381171085144,0.06811304,0
63078.187604105806,0.06582872,0
66430.0553153775,0.06983885,0
71675.7580109098,0.07620713,0
70387.42430716846,0.07463683,0
62791.60541458063,0.06549533,0
52906.77862454306,0.05409514,0
50236.00932197102,0.05114988,0
54145.35345576826,0.05548557,0
53119.22590821887,0.054335866,0
50584.26174080567,0.051533606,0
42048.18021617454,0.042549018,0
45412.43618727487,0.04600514,0
44682.31706328632,0.045246538,0
51948.990054722824,0.053040206,0
51532.627607317445,0.052581176,0
51532.627607317445,0.05258229,0
49136.539983034585,0.049966354,0
50739.98736758123,0.051712777,0
52898.08922345012,0.054100804,0
59157.80399777199,0.06124622,0
68268.27791687069,0.07209491,0
68268.27791687069,0.07209679,0
68750.28378332603,0.072683305,0
68750.28378332603,0.072685204,0
76710.89476232577,0.082447074,0
85251.5856582519,0.09309024,0
86815.99109765851,0.09506048,0
83848.4448424512,0.091336526,0
83645.18347003467,0.09108639,0
78780.71482444482,0.0850235,0
74926.51412297055,0.08025783,0
75709.73965647563,0.08122603,0
77916.415322694,0.08395841,0
73368.89533736467,0.078347005,0
65806.61720410362,0.06914795,0
66694.89655804471,0.07021961,0
60323.66351195725,0.06263581,0
64504.588746405905,0.06759118,0
66354.84948861778,0.06981491,0
61486.10516264506,0.06400632,0
61157.018097043554,0.06361975,0
62161.54894016879,0.06480795,0
62161.54894016879,0.0648095,0
71189.61578430193,0.075695865,0
77573.39297283774,0.08355981,0
72134.98841181639,0.076857254,0
74354.60818883622,0.07958725,0
81151.83424617063,0.088016406,0
78220.26183222499,0.08437182,0
83830.77213710223,0.091371424,0
90283.0585073758,0.09951331,0
93634.05649320521,0.10378624,0
94530.12287769347,0.10493622,0
93565.47645243806,0.10370483,0
86925.76060733532,0.09527606,0
94181.7021581999,0.10449955,0
86095.99326860314,0.0942352,0
86095.99326860314,0.09423785,0
88237.87399037875,0.09694429,0
82876.81591269826,0.09020156,0
84766.34261642172,0.092573285,0
94522.05302071947,0.10495454,0
96490.82222855208,0.107486896,0
94577.19759063792,0.10503156,0
98929.15290380144,0.11064058,0
108754.27277784521,0.12345171,0
108255.10497024725,0.122804165,0
106888.5375201762,0.12102353,0
108456.27586030439,0.12307528,0
100044.66324008412,0.112103485,0
98491.34824032764,0.11009494,0
92328.6947347025,0.10217981,0
86861.82277924225,0.09524343,0
78250.29963416413,0.0844647,0
69602.55090600843,0.073815964,0
64276.79254421709,0.0673797,0
71878.37429544625,0.076602675,0
72537.53002647296,0.077413514,0
69197.56828763692,0.07332963,0
79080.35551206028,0.08550986,0
80236.02385946078,0.08695144,0
79540.13610513514,0.08608659,0
77696.66863585012,0.08379669,0
86849.17432595772,0.0952562,0
86505.82873243818,0.094825365,0
80524.50250561931,0.08732252,0
72458.0314985537,0.077333,0
77581.29807645862,0.08366322,0
80879.53256620298,0.08777242,0
89423.08895579203,0.09853143,0
87409.4072719782,0.09598232,0
87039.78453251478,0.09551765,0
95579.80389100069,0.10641049,0
102420.4697785291,0.11528094,0
104892.1835385843,0.11851686,0
103258.73311276897,0.11638314,0
95813.00278547367,0.10672313,0
101453.56453888139,0.11403418,0
92176.77214937663,0.1020645,0
87439.02354759349,0.096043035,0
79191.87848287026,0.08569432,0
80267.92329711778,0.08703791,0
78207.55363860345,0.08447354,0
80219.44030581579,0.08698178,0
88607.27977010414,0.097536035,0
98450.44006657039,0.11015883,0
92620.65035371711,0.102654904,0
84947.97831142663,0.09291832,0
82560.44418095823,0.08992133,0
89921.57798310724,0.09921904,0
95722.18670924848,0.106649235,0
87340.57237027353,0.09594899,0
80811.0626700037,0.0877402,0
77733.0572007594,0.083906434,0
80552.49874766605,0.0874215,0
73202.99220250301,0.07830334,0
81658.1360127709,0.08880916,0
83783.19476779045,0.09147657,0
77279.9673129987,0.08335282,0
75253.22786844497,0.080842495,0
73546.83482019734,0.07873625,0
64910.281007907215,0.06820951,0
64910.281007907215,0.06821098,0
65830.14152336548,0.069320254,0
66820.73224126582,0.07051913,0
65470.68980786846,0.068889916,0
65593.52706467334,0.06903946,0
57706.82074990822,0.059701607,0
52027.58440010021,0.05324691,0
55031.60624806328,0.056629773,0
53547.23724507776,0.05494992,0
51601.963102847,0.05277702,0
50797.97157823341,0.05188948,0
49355.937931678134,0.05031205,0
40511.54915160547,0.04108404,0
50185.12765687374,0.051218934,0
43030.11503061766,0.04363385,0
44890.34907366531,0.045556955,0
36911.26529387824,0.037550185,0
28157.101256479495,0.029382227,0
38091.03833353903,0.038696647,0
40395.42709815925,0.04097194,0
42873.34382399202,0.04347639,0
41395.011501799454,0.041975763,0
39395.323285709026,0.039980114,0
38391.016262135476,0.03899238,0
37280.86488016443,0.03791138,0
35563.459930742974,0.036260217,0
40235.74754197102,0.040816385,0
30456.37283054396,0.031483952,0
30083.255863250437,0.031141827,0
30083.255863250437,0.031142129,0
35289.052325693134,0.03600067,0
35745.09814445507,0.03643621,0
30049.13558479982,0.031111753,0
30049.13558479982,0.03111205,0
39566.610683000894,0.040155813,0
48758.14356942156,0.049683034,0
40952.86754297163,0.041539267,0
40040.41423417085,0.04062762,0
32002.065849855742,0.032914583,0
25003.039143735426,0.026540225,0
29750.18069149142,0.030840311,0
27267.946394406805,0.028582871,0
26456.881762526536,0.027850304,0
34298.57554133123,0.035066348,0
40036.64326643713,0.040627483,0
43799.33738816797,0.044444136,0
38892.74982908899,0.03949616,0
29661.276808335493,0.03076098,0
28890.826100830178,0.030057881,0
32077.90454494583,0.03298863,0
34811.29818828998,0.03555442,0
26144.338999503776,0.02757052,0
19147.71901584461,0.021267679,0
19392.1574320981,0.021489691,0
10225.615444145787,0.012805381,0
11655.326145827727,0.014231554,0
3097.0128658011945,0.0049291225,0
2692.6540591315425,0.00443008,0
2692.6540591315425,0.0044301115,0
7442.821248311682,0.009906737,0
3373.5328740647865,0.0052665686,0
8866.603497688422,0.011412727,0
2570.5148550377808,0.004278087,0
2694.4157025120367,0.0044324594,0
3760.1582683900724,0.005733078,0
9047.611512824791,0.011600927,0
0.0,0.0009121883,0
1763.5408015215007,0.0032560257,0
0.0,0.0009122024,0
2493.271377085275,0.004181731,0
0.0,0.0009122165,0
-1591.6846988242246,0.0009122235,0
3900.9909139315355,0.00590179,0
4507.033578914701,0.006617752,0
4507.033578914701,0.0066177957,0
10481.317412006192,0.013064967,0
20080.723999183207,0.022117006,0
21729.17716332814,0.023604428,0
27964.572925130888,0.029223297,0
20526.487852454888,0.022520397,0
29088.16065897588,0.030246362,0
26531.501135726146,0.027926698,0
25319.60092961519,0.026834229,0
34181.11768450934,0.034969915,0
26611.145210527706,0.027999308,0
24615.554651902705,0.026201302,0
27531.770905006822,0.028832696,0
33850.709684379166,0.0346596,0
40780.99645818473,0.041393436,0
35825.81686165196,0.03653655,0
35036.60680713476,0.035783436,0
39606.42035036703,0.040223155,0
42729.65710398846,0.04337192,0
43933.60869849426,0.044611875,0
53627.003488984425,0.055121433,0
44490.47820492466,0.04519234,0
42982.61428447089,0.043633435,0
41029.41958105271,0.04164957,0
47385.12617819161,0.048250884,0
47502.18003722819,0.04837701,0
52158.2109325532,0.053476326,0
53965.16474172866,0.055510327,0
49916.13376810507,0.050996568,0
53693.83980910688,0.055204976,0
56419.66688869184,0.05831943,0
49621.099587783305,0.050675835,0
39807.73198432517,0.04042994,0
44336.966286585266,0.04503869,0
36320.528278329584,0.037018888,0
42321.947652312774,0.042963855,0
43423.6466383585,0.04409467,0
45743.35564356208,0.046514258,0
44662.827129726575,0.045381144,0
50338.66281943452,0.051469013,0
40443.255090292776,0.04106793,0
31149.482189097558,0.032148443,0
25199.093392402305,0.026732614,0
22557.908418443993,0.024356836,0
15535.669425092887,0.017953042,0
23068.684661656895,0.024816167,0
20434.875271793862,0.022441527,0
24876.2940358486,0.02644292,0
26737.180719584285,0.028121537,0
24989.61753655676,0.026545359,0
15053.982808642335,0.017502317,0
12163.843017469484,0.014736524,0
4023.655813932128,0.006049944,0
3643.113611654602,0.005594847,0
0.0,0.0009126046,0
1229.6917591904748,0.002564096,0
3299.445091119571,0.0051789107,0
9399.225084734966,0.011968591,0
15900.213288336208,0.018294644,0
7441.378871022831,0.0099096885,0
5753.622431352214,0.008051577,0
11451.561973581565,0.014037332,0
17223.861267029693,0.019520352,0
16027.841226139504,0.018413967,0
15754.456373657897,0.018159444,0
14434.843697135402,0.016920034,0
15954.278328819142,0.01834584,0
17918.784210093916,0.020158963,0
27885.73443795291,0.029166669,0
30737.038428656742,0.031775277,0
33460.5857228214,0.034310922,0
25827.30954128915,0.027304547,0
32623.355254001493,0.033526793,0
34060.80067854522,0.034877613,0
27750.32574121801,0.02904502,0
24440.551516056654,0.026055846,0
24440.551516056654,0.026056025,0
24440.551516056654,0.026056204,0
19901.967715512903,0.021966094,0
15876.479187288365,0.018274764,0
11062.41436460384,0.0136527,0
18517.019374295876,0.020707518,0
12239.047731221423,0.014812544,0
11402.785465979276,0.013990801,0
4072.3849142981508,0.006108995,0
2459.512449851358,0.004141898,0
2388.7354969573535,0.0040530507,0
6978.9000700052875,0.009410357,0
157.06342339235925,0.001128205,0
0.0,0.0009128223,0
3139.10312534279,0.0049841735,0
0.0,0.00091283437,0
1925.2362294984773,0.0034655414,0
0.0,0.0009128464,0
8125.091610420735,0.010641595,0
3564.086132993355,0.005501004,0
2558.8829820041547,0.0042665806,0
0.0,0.00091287046,0
0.0,0.0009128764,0
-1992.9282190099416,0.0009128824,0
0.0,0.0009128883,0
0.0,0.0009128943,0
7996.666913745448,0.010505868,0
7996.666913745448,0.010505925,0
17264.555598016457,0.019562563,0
26001.004838678295,0.027467797,0
27808.35052514461,0.029104568,0
23011.506344385634,0.024775382,0
32637.448154330566,0.03355024,0
35720.940183812054,0.0364695,0
34190.05388436362,0.035011344,0
33468.70361813034,0.03433083,0
35639.24907205967,0.036392175,0
27921.164769818337,0.02920856,0
27387.966064609678,0.028724598,0
22407.29929141564,0.0242327,0
23631.755057066137,0.025334954,0
15927.132494450487,0.01832581,0
20383.418558620164,0.022404434,0
21964.21110971064,0.023834126,0
22834.97545656356,0.0,0
22658.11797898209,0.024459867,0
22352.043721583028,0.024184363,0
20580.138164597967,0.02258579,0
27579.645594211204,0.028900562,0
26825.556814223346,0.028217277,0
29845.026157242428,0.03096856,0
21090.48827488014,0.023047388,0
27218.56061953693,0.028573707,0
18257.692170622297,0.020476311,0
12284.967813341784,0.014861135,0
5579.094881987701,0.007857532,0
10714.124995760401,0.0133084785,0
4811.750478774652,0.006978118,0
12403.387577805235,0.01497686,0
7179.311805436021,0.009630632,0
16879.10492825352,0.019210562,0
7422.453352764716,0.009893518,0
5938.205571529825,0.008262616,0
14122.609688761027,0.016630625,0
14078.859849446832,0.016589114,0
15311.035746163363,0.017752426,0
21753.098958167873,0.023647163,0
27265.335976674425,0.028619075,0
21340.665159228207,0.023275452,0
17083.424320919716,0.019400032,0
18635.291638542865,0.020823067,0
24593.574830860747,0.026205968,0
32895.37619900161,0.03380264,0
26054.472655708567,0.027524114,0
31919.699664473657,0.032891776,0
39063.28480444872,0.039740954,0
34601.3745520049,0.035414048,0
27415.605112980065,0.028757343,0
21100.101897740587,0.023059634,0
24185.952944239827,0.025840063,0
26090.751338165694,0.027558131,0
28396.711839561736,0.029650481,0
28912.82774192425,0.03012174,0
34984.898450754954,0.035781283,0
44327.43075593836,0.045096707,0
54009.637136668316,0.055670783,0
56703.062601747144,0.058766022,0
55133.17652743071,0.05695595,0
53682.97028584301,0.055301815,0
53877.45410395282,0.055523455,0
53877.45410395282,0.0555242,0
54425.44654640635,0.056149155,0
62230.607606762394,0.065289035,0
63959.64990534709,0.06736738,0
57707.88878729873,0.059941936,0
64089.15906453185,0.0675257,0
68294.01503699808,0.07264144,0
67717.37301565438,0.07193683,0
66902.67695911866,0.07094298,0
66786.92590412466,0.07080295,0
63491.08685154211,0.06681,0
63121.64186411234,0.06636663,0
69641.20611827397,0.07430241,0
71095.57389056534,0.076096214,0
63935.01368578522,0.06734902,0
62942.03326389347,0.06615483,0
65964.98496152695,0.069809765,0
63012.48389372004,0.06624144,0
62438.22724168333,0.06555337,0
65121.070007598064,0.06878842,0
63277.53240175319,0.06656308,0
59779.61271038717,0.062391024,0
51172.435673635286,0.052496422,0
50268.4916565615,0.05149495,0
44812.0827970318,0.045618445,0
40397.604566120004,0.04108669,0
44280.61603631663,0.04506323,0
40386.829570251255,0.041076638,0
31050.61666149978,0.03209548,0
34113.87247212544,0.034963537,0
41537.96211738648,0.042240392,0
47306.908982452456,0.04827201,0
42512.64613377252,0.04323681,0
45927.2923718892,0.046799555,0
38147.08175615882,0.038854685,0
37354.247180197344,0.03807898,0
38287.21158395312,0.038993135,0
47823.2181541663,0.048831742,0
49183.3314485949,0.050311174,0
40023.82495202301,0.04071728,0
48385.35599600602,0.0494424,0
55552.189531988435,0.057471402,0
63767.59276486674,0.06717519,0
69865.72830169552,0.074615255,0
69865.72830169552,0.07461644,0
74399.14814310198,0.0802346,0
80987.04144027892,0.08849644,0
88442.11823160147,0.09798563,0
87421.84192146944,0.096679375,0
88235.81145436765,0.09772445,0
89132.03953256387,0.09887739,0
79380.12025811017,0.086478904,0
75405.42547331017,0.0814983,0
71350.18162748251,0.0764594,0
76214.04560211458,0.08251111,0
76214.04560211458,0.082512446,0
83259.3230899382,0.09138733,0
85123.75449208589,0.09375906,0
78830.35808266018,0.085797496,0
76893.65925288151,0.08336813,0
82785.22482688531,0.090792395,0
82785.22482688531,0.09079393,0
92693.97515071151,0.1035012,0
93122.88893158331,0.104060076,0
94973.2183319741,0.106471755,0
96952.78849551831,0.10906497,0
98591.3131317489,0.111221485,0
99479.43043369046,0.1123952,0
102863.43569245203,0.1168835,0
110443.01369809738,0.1269736,0
110791.94073319821,0.12744181,0
107130.87248902059,0.12257076,0
112608.46560362371,0.12987211,0
120000.0,0.13974765,0
120000.0,0.13974592,0
120000.0,0.13977015,0
114748.66936749613,0.13274857,0
106833.16542366309,0.12218858,0
106586.50679608838,0.121863015,0
115597.12784781244,0.13389589,0
120000.0,0.13982989,0
120000.0,0.13983484,0
118626.96114186819,0.13798234,0
115864.02300597096,0.13426748,0
106776.99791601863,0.12213287,0
105229.29291970709,0.12007518,0
114659.94673772811,0.13266246,0
114300.76789996977,0.1321844,0
115454.84611720918,0.13373499,0
111068.51042752866,0.1278675,0
111399.96299644824,0.1283131,0
111399.96299644824,0.12831609,0
111399.96299644824,0.12831908,0
102134.39024646467,0.11597632,0
101222.37155348242,0.11476669,0
107274.08514507867,0.12282711,0
107527.439664207,0.1231674,0
116162.51405286333,0.13471664,0
107904.36938877877,0.12367297,0
100181.1372583108,0.11339731,0
100329.37603266697,0.113596044,0
100200.30763946935,0.1134273,0
110056.64441945075,0.12655477,0
111988.84883472831,0.1291391,0
109880.37034668124,0.12632519,0
108100.79185199217,0.123953976,0
112381.4447413293,0.1296733,0
108568.89909858494,0.12458371,0
117670.10932828471,0.13678557,0
107701.41143211417,0.12343453,0
98724.11906095617,0.111494765,0
89914.6130679116,0.09999405,0
93646.41133776374,0.10483661,0
94689.6162191155,0.10620014,0
93814.34639822633,0.10505937,0
86234.84640793019,0.09527143,0
91258.40736409856,0.10174156,0
92375.88546373621,0.10319262,0
92561.34782972076,0.10343549,0
101395.86206209926,0.11505591,0
104969.26119555056,0.1198187,0
106842.47701972132,0.12231874,0
106842.47701972132,0.12232136,0
115108.21597124606,0.13338353,0
120000.0,0.13992412,0
112411.1683280738,0.1297701,0
103740.04521518931,0.11819455,0
96582.78769105846,0.108709626,0
96582.78769105846,0.10871166,0
92483.60184414158,0.10335457,0
94027.5995788326,0.105368085,0
94027.5995788326,0.10536998,0
92859.10855003059,0.103848554,0
89722.45561348376,0.09978363,0
92768.28858532256,0.10373401,0
96618.14511870706,0.1087723,0
100077.47756659571,0.113343254,0
96203.74754215997,0.108231485,0
95132.13787019161,0.10682783,0
101580.58534355718,0.11534807,0
109913.29006038132,0.12647027,0
106290.6264268041,0.12163421,0
103714.07489555665,0.11819867,0
107825.79214843315,0.12368889,0
105316.84988883557,0.12034231,0
103826.54315291879,0.11835593,0
96678.42603455696,0.108873665,0
93595.97524931411,0.104836434,0
92160.1099966174,0.102968104,0
92160.1099966174,0.10296988,0
94898.15634571225,0.10654437,0
86332.39412266527,0.09545209,0
82556.74402393313,0.090636894,0
84672.32901298694,0.093331635,0
79030.18009808674,0.086177364,0
78110.21252200904,0.08501978,0
70921.27187357625,0.07604326,0
61472.006270965554,0.06451939,0
70752.3544133196,0.075836204,0
61532.27466481783,0.06459313,0
61532.27466481783,0.06459393,0
54732.77339408171,0.056611914,0
54732.77339408171,0.056612547,0
53903.233571719524,0.055663545,0
61904.89723204914,0.065043606,0
63880.979075884476,0.06742513,0
60160.31342343153,0.06296207,0
62219.17095302076,0.06542323,0
71899.43421723004,0.0772688,0
81122.1439253819,0.08884049,0
78832.38202012035,0.08594813,0
79660.53416707205,0.08699415,0
77701.84325735389,0.084526934,0
78535.93950555396,0.085578285,0
85208.93874430568,0.09404758,0
81255.60373133555,0.089016676,0
75148.08046543298,0.08132763,0
76959.28833256221,0.08359899,0
72364.24217517787,0.0778569,0
73518.41870017875,0.079294935,0
75127.77072005266,0.08130673,0
75145.35276591138,0.08132986,0
77670.03919433265,0.08449893,0
75705.61520741913,0.082033545,0
83311.91045039767,0.091641136,0
84699.45767404333,0.09341213,0
78725.699830492,0.08583333,0
69514.89048830999,0.07433572,0
70375.38216746325,0.075400114,0
79655.95911077352,0.087010935,0
84098.82381989164,0.09265231,0
91498.20701284533,0.10218216,0
92921.69300177608,0.10403691,0
85418.10928111304,0.09434242,0
80933.46064614017,0.08863323,0
89814.30252264813,0.10000396,0
87944.46961914681,0.09759119,0
97564.21718240052,0.11014221,0
104835.16763269142,0.11982897,0
102341.76579108345,0.1164981,0
96406.2276128052,0.10862101,0
94137.03774926576,0.105641164,0
93983.5473492894,0.10544199,0
101295.09026178044,0.115109324,0
99446.77443325678,0.11265032,0
104737.33032635113,0.119714424,0
113858.2731985898,0.13195303,0
106043.55740478223,0.12146649,0
104826.5537374572,0.11984072,0
112688.3578413655,0.13038522,0
110812.39968761541,0.12786493,0
109778.78079500386,0.12648012,0
112310.63101686806,0.12988508,0
102692.95290546335,0.11699824,0
106447.39375407455,0.12202362,0
110298.04238481671,0.12718739,0
112253.0771993816,0.12981863,0
109427.38770772186,0.1260241,0
105002.58515601292,0.12009934,0
114151.54553677485,0.13238627,0
114151.54553677485,0.13238914,0
117687.97151392276,0.13715088,0
113580.35944084663,0.13162397,0
113580.35944084663,0.1316268,0
120000.0,0.14034572,0
112857.00574601677,0.13065694,0
118235.4613881696,0.13794409,0
120000.0,0.14035586,0
120000.0,0.14035924,0
121818.54467243717,0.1403626,0
113371.53136586928,0.13136475,0
111513.66114838183,0.12886357,0
110811.9817787525,0.12792237,0
103031.9437545788,0.117495425,0
111985.7042738682,0.12950706,0
110067.88993127996,0.12693007,0
110519.42191801486,0.12753943,0
102056.66342353814,0.11619929,0
107946.9743133531,0.12409063,0
98951.49454263257,0.1120621,0
100827.53628916269,0.11456294,0
96733.34617012156,0.1091286,0
92353.43614829583,0.10337922,0
100937.99722093291,0.11471658,0
109060.21726358286,0.12559919,0
108588.9569904587,0.12496898,0
111398.47783397557,0.12874816,0
113468.33975484315,0.13154277,0
116424.68867465372,0.13555078,0
115351.64459033076,0.13409655,0
115413.3236059275,0.13418306,0
117130.61937499788,0.13652195,0
108566.13549952814,0.12495541,0
103404.76910583873,0.11803795,0
109855.46499352266,0.12669264,0
110905.48434168045,0.12810777,0
103763.00356846869,0.118524365,0
99191.19117740297,0.11241569,0
94876.67303595331,0.10671089,0
92953.84487720506,0.10419113,0
84040.48557366314,0.09267107,0
80392.22147888548,0.088029295,0
80392.22147888548,0.088030465,0
71329.25964943753,0.07665525,0
75468.78939855186,0.08182472,0
77294.72910216828,0.084120974,0
67371.12755533993,0.07176735,0
72189.20867838136,0.077728525,0
64227.05643970163,0.06792847,0
59634.92216739214,0.062411487,0
55901.88051909501,0.058027975,0
63739.3234153097,0.06733914,0
71938.18629239754,0.07742083,0
81219.7546221997,0.08909374,0
80037.13679938979,0.08759448,0
79913.41760852837,0.08743893,0
82567.65518350039,0.09081178,0
72654.92057650657,0.078318276,0
74613.66023208467,0.08076735,0
77941.3685036488,0.084950976,0
83162.12430866447,0.0915746,0
87212.93433936061,0.09677072,0
79320.23278437775,0.08669609,0
82203.21721389606,0.090356104,0
82203.21721389606,0.0903573,0
91339.21352358178,0.10212462,0
89993.79624397587,0.100375324,0
84171.45072407914,0.09287279,0
81567.71584382268,0.08955351,0
82670.66979279676,0.09095881,0
81000.75843087434,0.08883514,0
88007.71845327225,0.097810075,0
91154.78809667482,0.10189487,0
98757.92285510452,0.111907154,0
102314.18686130541,0.11666229,0
98220.21641274207,0.11119578,0
96602.10800992753,0.10905303,0
101374.05717257415,0.11540847,0
104270.70925302042,0.11929521,0
108534.84691867277,0.12502529,0
108139.36751524091,0.12449564,0
103887.5594445525,0.118787274,0
95049.39848615951,0.10701221,0
96977.02140633963,0.109560646,0
92328.87494089906,0.103444815,0
82622.74271399813,0.09091683,0
79369.65364937998,0.08678514,0
79369.65364937998,0.08678623,0
78144.43803837725,0.08523826,0
78001.72972732618,0.08505919,0
78620.48329556806,0.08584196,0
68818.95971812477,0.07358844,0
78088.94453587654,0.08517243,0
81639.7898850556,0.08967419,0
87119.61744811085,0.09669468,0
87545.53840119363,0.09724566,0
80056.54269644669,0.087666236,0
80056.54269644669,0.08766734,0
86199.65344374435,0.09551487,0
86446.68003554156,0.09583416,0
76797.72730287415,0.08355208,0
82260.56478124758,0.090473875,0
79222.47664461334,0.086616166,0
69249.5491589227,0.07413061,0
72178.72399168131,0.077768356,0
79119.9405313593,0.086489595,0
79119.9405313593,0.08649066,0
84783.90879733182,0.093706876,0
83943.82397740326,0.0926318,0
80002.1385540671,0.08761145,0
81577.47472317558,0.08961421,0
76509.54742273607,0.08320035,0
81458.43555466995,0.089464985,0
72615.32454361317,0.07832092,0
81469.81092549542,0.0894817,0
91296.36895677983,0.102142744,0
100551.73596184395,0.114382245,0
99508.73683863947,0.112988874,0
94016.36219877479,0.10571003,0
94888.80021129949,0.10686052,0
96517.2496584721,0.10901539,0
102143.68677341819,0.11652814,0
95082.94096518238,0.10712138,0
97802.03510845696,0.11072478,0
101284.64101917822,0.115381025,0
98188.48518906243,0.11124238,0
93998.57530249083,0.10569902,0
101801.39805041112,0.11608017,0
93045.46257370518,0.104449935,0
91567.18239284499,0.102516524,0
91567.18239284499,0.10251796,0
90520.65090105336,0.101154,0
91759.81043628434,0.10277259,0
92353.00491519674,0.10354971,0
92365.07633829089,0.10356699,0
83889.86069776218,0.09259464,0
90029.17051544205,0.100520365,0
90960.71335608794,0.10173611,0
81838.71220894804,0.08997809,0
80127.60982276378,0.08780273,0
74311.31913092235,0.08046633,0
74311.31913092235,0.08046725,0
83935.16971420466,0.09266081,0
91010.868148298,0.101809956,0
100223.407658562,0.11399403,0
101771.26538285626,0.11607389,0
111667.65126217528,0.12941304,0
120000.0,0.14080574,0
115190.83566352181,0.1342091,0
117062.05437109753,0.13677296,0
116579.98999320104,0.13611554,0
120000.0,0.1408213,0
118106.21550837829,0.13821413,0
120000.0,0.1408273,0
120000.0,0.14083028,0
120000.0,0.14083326,0
113233.42872473923,0.13156347,0
117600.05223217931,0.13748477,0
120000.0,0.1408422,0
113253.99487617132,0.13159892,0
118686.53309574348,0.1390588,0
108928.59543126562,0.1257422,0
108928.59543126562,0.1257444,0
117452.47679990127,0.13735008,0
120000.0,0.14086008,0
116433.39979319097,0.1359545,0
120000.0,0.14086606,0
118740.31766452729,0.0,0
109323.71293743257,0.12629159,0
112572.39317145394,0.13069685,0
114032.84327170947,0.1326869,0
111989.5757817526,0.12990998,0
120000.0,0.1408822,0
120000.0,0.14088522,0
117434.48132804687,0.13735259,0
120000.0,0.1408886,0
120000.0,0.14089228,0
117142.42318601006,0.13696006,0
112162.45085125606,0.13016145,0
109334.02008175352,0.12632984,0
104141.99833962366,0.11932865,0
104212.91544680788,0.1194261,0
96248.98910579861,0.108759776,0
90666.04476505879,0.101414576,0
90666.04476505879,0.10141591,0
90666.04476505879,0.10141724,0
91805.42156451743,0.10290828,0
87454.99644405796,0.097245954,0
89087.44230384183,0.09936436,0
90689.21899723093,0.10145282,0
95864.74407237743,0.10826266,0
92925.75190438348,0.104384445,0
101854.88216739158,0.11627323,0
100243.84204653786,0.11410848,0
99770.55671255983,0.1134753,0
93864.1588937055,0.10562508,0
87586.87684877246,0.09742763,0
94687.48088117116,0.10671442,0
86110.6465846398,0.095522456,0
86869.75050941811,0.096503735,0
87008.1592686548,0.096683845,0
93225.73088881317,0.104793005,0
89869.55155112526,0.10040012,0
95292.007868163,0.10752368,0
88323.90936416498,0.098392785,0
89105.80041888516,0.09940974,0
87610.36412763904,0.09747014,0
87610.36412763904,0.09747135,0
89259.11210991573,0.09961293,0
79259.34480502305,0.08677178,0
79709.54842673482,0.087344125,0
80955.43136797776,0.08892987,0
75477.93799297119,0.08199666,0
71556.78823807173,0.077085495,0
61586.26467979796,0.064849444,0
70923.17467578367,0.076297805,0
74184.11851185211,0.0803738,0
81152.6260936626,0.08918711,0
77211.2442064712,0.0841876,0
81463.67086844145,0.08958563,0
75095.9502235735,0.081523225,0
83134.75415855649,0.09172312,0
92831.92221380601,0.10430428,0
90695.82623436446,0.101505995,0
93916.11131931086,0.10573504,0
93827.50550395594,0.10561957,0
98013.92207340813,0.111177415,0
96284.75858383521,0.1088764,0
97960.21419411745,0.11110887,0
88808.66015825528,0.09905306,0
90839.73774425176,0.101703145,0
95128.22102567661,0.10734809,0
87178.5403070061,0.096941955,0
87356.35141882722,0.09717318,0
96014.84867022067,0.10852835,0
99959.0363084134,0.11379769,0
99193.35918467578,0.11277174,0
103085.26772974149,0.11801101,0
110319.0858054884,0.12779345,0
116460.50388282246,0.13618773,0
114555.63198580584,0.13357547,0
111267.8410712027,0.12908956,0
118398.58554616124,0.13882038,0
120000.0,0.14109355,0
120000.0,0.14109579,0
117610.35419739789,0.13781361,0
119410.15358574816,0.14030616,0
120000.0,0.14110428,0
110503.8682791846,0.12806608,0
100732.22794826607,0.114862084,0
110137.3701427872,0.12757243,0
104836.83824270626,0.12040046,0
111179.40108301796,0.1289935,0
120000.0,0.1411216,0
118163.49410732904,0.13857853,0
120000.0,0.14112738,0
113585.1122381558,0.13228527,0
114639.2537525267,0.13373153,0
107273.55432410857,0.12370665,0
100419.01848770288,0.11445726,0
96219.92912695161,0.10883928,0
99673.98901112957,0.11345753,0
94683.34698697955,0.10680244,0
96118.26664985453,0.10870847,0
104240.00785947974,0.11961834,0
104240.00785947974,0.11962015,0
95276.72384187432,0.10759519,0
91029.37842274789,0.101998344,0
88088.54849179502,0.09816354,0
84769.54780517041,0.09387266,0
82860.09551664781,0.091421746,0
84598.08669633012,0.09365409,0
80313.25318818424,0.088171005,0
84022.13085262227,0.09291559,0
75153.84397555658,0.08164158,0
84042.81562944264,0.09294423,0
87472.39860278678,0.09737295,0
81452.24138197552,0.089628235,0
86471.03734924189,0.096078366,0
84586.04873634865,0.09364696,0
80112.43090566572,0.08792283,0
89719.80572450942,0.10030278,0
90253.2368526583,0.10100131,0
83840.53049290252,0.092692524,0
76106.6005874518,0.08285023,0
80864.30028414393,0.08888524,0
79318.87302202257,0.086919256,0
77271.12059307998,0.084324226,0
71377.77936721598,0.07691981,0
66748.45448856812,0.071182534,0
69883.57575805926,0.07506081,0
71956.31976924677,0.07764433,0
70259.25896877398,0.075529315,0
69277.32082346207,0.0743102,0
65223.13662960874,0.06931363,0
66158.73352595828,0.07046139,0
68631.7090917636,0.07351209,0
63979.74964891442,0.06779735,0
63979.74964891442,0.06779795,0
58997.61056273647,0.061800785,0
63130.207960310654,0.0667663,0
59388.35584458362,0.062266644,0
61341.72149863768,0.06460593,0
70276.39607710559,0.07555847,0
68351.22518134436,0.073170364,0
66921.55663853796,0.07140606,0
71652.26120523381,0.07727564,0
65704.91388794067,0.069912,0
69727.70577629014,0.074879795,0
67890.73959362411,0.07260431,0
67890.73959362411,0.07260498,0
62952.770377216286,0.06655741,0
72104.39067889264,0.077844985,0
78900.42281218118,0.08641169,0
77834.62923070617,0.085060485,0
87374.76831948504,0.09728951,0
85374.84533828983,0.0947023,0
85374.84533828983,0.09470333,0
77227.35499931718,0.08429503,0
85518.32827628835,0.09489064,0
80692.56111939717,0.088698536,0
85161.51747639719,0.09443172,0
85161.51747639719,0.09443274,0
87427.35117414477,0.097366445,0
82267.79277376231,0.09071561,0
74095.62250039783,0.08035047,0
73545.1509223289,0.07966005,0
78319.61393686023,0.08568629,0
78319.61393686023,0.08568714,0
72607.74359672352,0.07848727,0
67558.93900232125,0.072208196,0
66849.23137979397,0.07133359,0
71503.90087551727,0.07710915,0
74961.33424747887,0.08144639,0
76776.29113354372,0.083737016,0
83546.12781040423,0.09236577,0
90005.80391123958,0.1007415,0
90890.88323351354,0.10190195,0
93226.55539056436,0.1049769,0
97984.90325764487,0.111310184,0
89354.07764431642,0.099893786,0
97769.40981358357,0.11102429,0
98536.04867869783,0.11205409,0
95905.0270770294,0.10853724,0
99234.28802756612,0.11299583,0
98321.19648891922,0.11177002,0
93288.86866378336,0.10506929,0
91840.8953378501,0.10316173,0
94827.34182938773,0.107110575,0
86107.46876156016,0.09568305,0
81955.13096980401,0.090339415,0
72393.3975453042,0.078234866,0
72446.02239790681,0.07830147,0
70573.0561579758,0.07596263,0
79115.26873514435,0.086719856,0
77513.07171137925,0.08468712,0
75706.4927788991,0.082403384,0
70911.22473860369,0.07638696,0
71991.95617526489,0.07773751,0
73747.19355392578,0.07993827,0
75747.19354824652,0.08245783,0
77502.28640717907,0.08467831,0
85136.09864404923,0.09443997,0
88838.7848415389,0.0992467,0
88006.35411989341,0.09816307,0
84202.49162634279,0.09323895,0
84502.60482053725,0.0936266,0
81640.32432395946,0.08995187,0
88211.4362820811,0.098434344,0
84367.352915696,0.093455166,0
93423.65325574612,0.10527739,0
90512.15223160721,0.1014446,0
99334.56848228068,0.11317256,0
91385.92773395247,0.10259409,0
92453.35152894791,0.10400051,0
86330.61288768577,0.09599837,0
89869.42854762252,0.10060823,0
97044.71413461196,0.11010522,0
95828.92615960632,0.108482674,0
89036.23428200118,0.09952177,0
82621.2993967868,0.09122036,0
77213.26261186617,0.084328145,0
77222.26472810774,0.084340334,0
78189.00619256735,0.08556682,0
78189.00619256735,0.08556762,0
82837.02717373494,0.091501765,0
76064.28319484262,0.08287809,0
77254.00337027489,0.08438446,0
77254.00337027489,0.08438524,0
76544.01392967877,0.08348673,0
71374.7507637124,0.07698803,0
63481.66045333907,0.06724459,0
63866.151868943176,0.06771343,0
58773.198152267396,0.061580017,0
58223.01638125538,0.060927786,0
52907.08379978206,0.054742884,0
62104.33985405117,0.06557622,0
63241.90871749309,0.06695623,0
61820.795386095975,0.065234534,0
65749.39152681812,0.07002175,0
59183.26968092711,0.062071167,0
57422.43158160915,0.059985027,0
60050.81000597667,0.06310809,0
52358.70284955502,0.054121446,0
44702.78096315969,0.04571353,0
37559.620259446325,0.03841908,0
31684.662536169377,0.03278437,0
39598.15808854495,0.040447645,0
39754.25936772053,0.040605053,0
30116.74018863512,0.031325147,0
21497.658314927117,0.023477852,0
22711.22421370612,0.0245757,0
26483.856799863628,0.027993865,0
16683.432333032615,0.019074999,0
17396.564319984187,0.01973495,0
23824.331577998073,0.02558278,0
23526.224777588875,0.025313156,0
29357.388829416275,0.030624405,0
23026.232757484966,0.024861034,0
30677.430292931913,0.03184645,0
22191.424839127663,0.024106545,0
28262.17802837973,0.02961815,0
22331.63287833165,0.02423304,0
24324.55603100838,0.026036045,0
22112.654810585882,0.024032094,0
31473.97105160106,0.032589566,0
31447.266848748266,0.032564726,0
22929.375300245607,0.02477412,0
29005.666204114543,0.030301588,0
38949.31328217355,0.03980181,0
35372.55633489262,0.036290906,0
32382.96702061586,0.033442784,0
23757.24057509508,0.02552331,0
23042.01096987958,0.024876395,0
26176.600664311736,0.0277163,0
16343.874301848879,0.018760407,0
19577.560069846008,0.021735067,0
9683.829583212926,0.012294092,0
15140.021049019673,0.017633505,0
6469.287564545115,0.008874749,0
8143.559319172395,0.01068849,0
13178.499167089203,0.015764324,0
13538.660495181699,0.016111106,0
11957.904877423545,0.0145756295,0
14367.380578462957,0.016902804,0
7765.000699477663,0.010285197,0
8875.352665924967,0.011458364,0
13874.908634966383,0.0164335,0
19049.215058244798,0.021253701,0
22131.86979880227,0.024055073,0
23708.00488904108,0.025480112,0
16837.539209113093,0.019219665,0
21165.481448275073,0.023178898,0
15210.565058765773,0.017700538,0
10040.577618622443,0.012658973,0
8537.594475984182,0.011104927,0
8678.787410758549,0.011253124,0
8292.018077012995,0.010846112,0
8893.346914077923,0.011477436,0
6549.32220280568,0.008963674,0
9739.537575621085,0.0123518,0
5178.45836399006,0.0074194786,0
459.6980578644361,0.0015443533,0
3187.1836885319244,0.0050574853,0
0.0,0.0009157464,0
-1232.223384206679,0.0009157488,0
0.0,0.00091575127,0
0.0,0.0009157537,0
6298.794570810784,0.0086861085,0
11515.821189426419,0.014140201,0
11560.22538669064,0.014184197,0
12557.808459205531,0.015163579,0
9924.752735092557,0.01254144,0
547.7345909603791,0.0016635015,0
0.0,0.0009157707,0
0.0,0.0009157731,0
0.0,0.00091577554,0
0.0,0.0009157779,0
7762.363778680716,0.010283125,0
15781.581692490072,0.018237498,0
22289.894974969033,0.024198981,0
17270.06969715083,0.019621281,0
8615.187976498186,0.011187075,0
9088.686489400989,0.011681316,0
5621.471477919207,0.007925633,0
11754.772538455536,0.014376904,0
21707.338486498666,0.023671903,0
12514.35502369266,0.0151217645,0
5115.9684202716,0.0073480485,0
5115.9684202716,0.0073480653,0
10790.733441776329,0.013418022,0
7046.29322598341,0.009509761,0
1686.6568321596242,0.0031688325,0
1686.6568321596242,0.0031688402,0
4161.518529439805,0.0062327157,0
0.0,0.000915821,0
2390.5240007260672,0.0040676333,0
4882.804963016699,0.0070787654,0
6621.53509419484,0.009044151,0
16435.118235510156,0.018848073,0
15280.99434453286,0.017768672,0
13065.60377836863,0.015657336,0
15002.641316123818,0.017506517,0
23585.43171643307,0.025372757,0
24138.981040866973,0.02587331,0
34051.603230844645,0.03503341,0
37041.781824993595,0.037926406,0
41343.7850506676,0.04223816,0
32410.74499044555,0.033478115,0
35906.47103379376,0.036819093,0
33368.92340224143,0.03438425,0
26716.06404697705,0.028213521,0
30533.743577993508,0.03172287,0
33506.52271336982,0.03451529,0
26630.65408710226,0.028135963,0
28616.696409891014,0.029952237,0
26901.01276053181,0.028382478,0
26004.452595204937,0.027566675,0
32751.79419060795,0.03380093,0
31605.178632802337,0.03272291,0
31605.178632802337,0.032723017,0
33799.12713585466,0.034794666,0
40562.22663562751,0.04144369,0
49780.629574203995,0.05126091,0
49550.542227402104,0.051005382,0
42624.3630842862,0.043562658,0
38164.61357080577,0.039037175,0
39828.429656347726,0.040701583,0
36926.922873887925,0.03781709,0
35030.301187005614,0.035974823,0
35030.301187005614,0.035974953,0
26721.60874895037,0.028220167,0
34341.06886174352,0.035313524,0
37521.97706438817,0.038402755,0
44781.91369156561,0.045828633,0
38714.98539062479,0.039586168,0
34445.37636916725,0.035413917,0
44390.134367239305,0.04541444,0
44390.134367239305,0.045414664,0
46842.74503921247,0.04803911,0
46142.93538974102,0.047284048,0
37390.81676170656,0.038274746,0
28731.14751673076,0.030059848,0
35070.6256621675,0.036015507,0
43829.93029084538,0.044825587,0
43477.95709277223,0.044456564,0
34898.654873652275,0.035850346,0
29485.97041440572,0.030755779,0
24857.213763478572,0.026527707,0
26793.897544406616,0.028287465,0
28254.14167983666,0.029622495,0
28880.427477620793,0.030197961,0
34066.277615990264,0.035053298,0
32861.08734614844,0.03390824,0
38826.951290332174,0.039701052,0
34814.61876443914,0.035770692,0
27408.19832892385,0.028848592,0
24514.593298401604,0.026217576,0
15765.890142790635,0.018225929,0
21946.362948624163,0.023892855,0
23671.07700862621,0.025453953,0
30964.25544578901,0.032128528,0
32748.197050174174,0.03380256,0
33880.263225731425,0.03487712,0
29928.653451302154,0.031166691,0
36004.75126097166,0.036922336,0
34440.19558769277,0.035412718,0
34550.370795490046,0.035518467,0
32656.683254861942,0.033716805,0
28129.491612077374,0.029509796,0
19774.93809761861,0.021921823,0
15904.207458475019,0.01835583,0
7043.781998422384,0.00950863,0
6212.4104810511435,0.008591816,0
7698.161982855363,0.010216372,0
13239.147695890486,0.015827335,0
9516.657630339896,0.012125955,0
16318.819199123895,0.018742966,0
24109.205419999154,0.025851807,0
18012.53576437216,0.020309858,0
22845.364801093005,0.024707858,0
22508.982067366374,0.024403486,0
19737.057648710103,0.021887677,0
17873.153667744573,0.020181822,0
16952.95189173855,0.019332279,0
9472.992449018435,0.012081215,0
11463.540363228862,0.014091792,0
4973.372910856009,0.0071850293,0
6559.662244094767,0.008977546,0
9454.56721563114,0.012062327,0
10507.812571166103,0.013136066,0
13741.157763749885,0.016310459,0
11797.937717986895,0.014422626,0
5503.344825653369,0.007793224,0
0.0,0.0009160453,0
-609.4489804713039,0.0009160475,0
0.0,0.00091604964,0
9398.530506903819,0.01200474,0
2258.552960218347,0.0039017752,0
8213.198227182627,0.010765879,0
0.0,0.00091605826,0
6902.417029920696,0.009354712,0
404.8798325277612,0.0014704926,0
0.0,0.0009160647,0
7481.435466103703,0.009983874,0
2746.382396463927,0.0045145014,0
2746.382396463927,0.004514511,0
8598.278660646622,0.011172171,0
13603.593939423467,0.01617907,0
14395.610322793753,0.016935527,0
11419.998069769372,0.014049249,0
13393.282725291674,0.015976993,0
21808.07573214438,0.023770384,0
21808.07573214438,0.02377051,0
15958.894456258451,0.018408554,0
24127.585493845956,0.02587079,0
23453.573752642333,0.025260476,0
16543.417832740848,0.018953498,0
15143.122115162043,0.017643187,0
25134.27618017081,0.026783574,0
23091.590240519356,0.024933044,0
16505.75750676896,0.018918633,0
16505.75750676896,0.01891867,0
13313.988629054154,0.015900984,0
15616.571439878151,0.018088447,0
15813.651630887305,0.018273113,0
6818.511827346947,0.009263208,0
6818.511827346947,0.009263226,0
5582.084092313837,0.007883301,0
0.0,0.0009161199,0
0.0,0.000916122,0
0.0,0.0009161241,0
0.0,0.0009161262,0
0.0,0.0009161283,0
0.0,0.0009161304,0
1490.346941364509,0.0029149384,0
7519.262465823582,0.010025264,0
12534.655450044696,0.015146112,0
13970.478734361006,0.016531365,0
8709.145232493978,0.011289114,0
10024.776329313905,0.0126476465,0
7771.226688820186,0.010296004,0
5907.727232794846,0.008251644,0
5907.727232794846,0.00825166,0
6402.439986023489,0.008804437,0
1090.9519862537827,0.0023904974,0
0.0,0.0009161553,0
3357.358134016269,0.0052675814,0
0.0,0.0009161594,0
3569.9993658527565,0.0055258777,0
10532.184066165359,0.013162142,0
18229.286420085446,0.020512074,0
13778.580014584526,0.016348224,0
23045.786423505284,0.024893448,0
23045.786423505284,0.02489357,0
27170.709674610527,0.028639246,0
36972.886596347846,0.037880197,0
33772.32387221281,0.03478501,0
33324.98887397846,0.034359444,0
28545.95939867542,0.029899426,0
35237.39520378797,0.036191057,0
28952.056643891687,0.030273266,0
37524.66788619957,0.038424104,0
39049.66777513472,0.03994098,0
39767.615675159635,0.040662877,0
39502.732901039824,0.040396027,0
32512.178321159772,0.033590794,0
31446.46886633018,0.032589328,0
26379.64118243831,0.02791876,0
29617.91383517854,0.030888487,0
34695.2754893768,0.035669938,0
42782.47098925394,0.043755185,0
47923.43328322645,0.049248844,0
49596.843619122345,0.05109731,0
49596.843619122345,0.051097564,0
52867.31549739139,0.054790154,0
50915.44068337763,0.052574348,0
58826.69764601441,0.061761223,0
55104.259176314954,0.05737347,0
50536.92280180235,0.05214961,0
48585.63110959013,0.04997873,0
46662.88590141876,0.04787779,0
45262.0382970152,0.046371713,0
37659.86016646944,0.0385605,0
38288.95845025555,0.039184406,0
38145.35014091204,0.039041806,0
40066.98924567817,0.04092365,0
33355.09982725574,0.03439112,0
34962.561072793476,0.035929233,0
43010.821738515544,0.043996457,0
47670.823882968005,0.048976533,0
56301.922169157624,0.058777917,0
57634.027347266885,0.060349084,0
65601.75667894758,0.06998958,0
62137.65079610313,0.065753,0
62137.65079610313,0.0657534,0
68157.26480417042,0.0731529,0
68981.6665638788,0.074179046,0
68261.30052721655,0.07328315,0
70240.04332839877,0.07575051,0
64533.961077665874,0.06868006,0
65847.79791435497,0.07029641,0
70625.13145701562,0.076233745,0
70625.13145701562,0.07623425,0
71270.9689760447,0.07704382,0
69353.06912968178,0.074645914,0
67398.0470281643,0.07221534,0
63325.199298430074,0.06720389,0
69700.0038881111,0.07508032,0
64893.420667119375,0.06912526,0
63518.098062950536,0.067440696,0
54525.0886023376,0.05671088,0
56520.06577342486,0.05904827,0
55678.64566210542,0.0580548,0
57958.05178861007,0.060740877,0
59510.686875498526,0.062592715,0
65981.73140773491,0.0704683,0
65528.73937018294,0.0699103,0
62779.935301364836,0.06654364,0
59343.52495731707,0.06239403,0
51037.291794823206,0.052723385,0
50679.933773220044,0.05232125,0
45104.70770214132,0.046211902,0
51272.82248001514,0.052990068,0
48965.0439995905,0.05040855,0
45030.76181657616,0.046133656,0
37403.63713140777,0.038313225,0
41080.96616811463,0.042007763,0
31734.14738380455,0.03286463,0
29889.109483859196,0.031144502,0
28013.04684339584,0.029415539,0
37436.06499076156,0.03834586,0
41731.13051964047,0.042676993,0
40907.05834512255,0.04183086,0
33234.228048412464,0.034281112,0
42003.87121269555,0.042959068,0
33539.93217898398,0.03457198,0
34553.19976780101,0.035540916,0
41226.07997730446,0.042158168,0
43462.700379368885,0.04447828,0
38569.42785463377,0.039471623,0
37728.92965803826,0.038636528,0
35992.38000219265,0.03693269,0
39155.57648814412,0.04005855,0
37285.85057851546,0.038199417,0
30921.427922862702,0.032105677,0
30508.669929756987,0.031721182,0
21346.974264082135,0.023359017,0
14711.0473794125,0.017239183,0
15851.857644913202,0.0183131,0
15900.40338824073,0.018358555,0
25062.763566629408,0.026726926,0
32786.399009216315,0.03385838,0
41114.80989985764,0.042046517,0
43711.22298855179,0.044742018,0
48759.18063462755,0.050188076,0
52307.94205919344,0.05417394,0
56937.87134005622,0.059548136,0
49866.59647211254,0.05141917,0
50672.527107918686,0.052322585,0
49298.561234738976,0.05078697,0
57599.77588508342,0.060331896,0
64484.02239080628,0.06864496,0
64765.93124183148,0.06899155,0
66226.7752542118,0.07079189,0
57012.16353904484,0.059638288,0
47139.74440717666,0.048413895,0
56454.68860357161,0.058981985,0
61022.10569036453,0.06443051,0
64443.96883208405,0.06859869,0
73379.09372592886,0.07972934,0
79045.05338504982,0.08692805,0
88851.69946092278,0.09964515,0
88851.69946092278,0.09964595,0
92041.81909394932,0.10386656,0
84449.5706697311,0.0938939,0
78073.23625073275,0.08568935,0
72526.75783319445,0.078658916,0
73455.92866775693,0.07983043,0
66660.44068728706,0.07133716,0
64892.6152505807,0.06915427,0
70038.2748160907,0.075538404,0
61720.828061278364,0.065281466,0
53725.739335735896,0.05580745,0
53725.739335735896,0.05580773,0
55774.72817506765,0.058189593,0
57392.87201087205,0.060095012,0
47867.02708376242,0.049212992,0
57360.83900473345,0.060057748,0
58647.77682871478,0.061587118,0
66015.96730765345,0.070542626,0
64408.51496378966,0.0685641,0
62972.43988876278,0.06680743,0
62972.43988876278,0.066807814,0
60830.34206662636,0.06420837,0
60830.34206662636,0.06420873,0
51056.392798406814,0.052764315,0
47185.049252474244,0.048469722,0
47185.049252474244,0.04846993,0
45138.737541135335,0.04626302,0
46022.71079120938,0.047211166,0
50211.48808388887,0.051815275,0
58296.35391204017,0.061172668,0
59293.72516756428,0.062363837,0
58303.79737139064,0.061182182,0
64951.06816461054,0.069236346,0
59437.43934168106,0.062537014,0
65783.5455859458,0.07026286,0
57690.764011405874,0.06045498,0
54439.84959069046,0.056640793,0
46110.34788429084,0.047307566,0
51159.714636020726,0.052884705,0
53121.966495310466,0.05512048,0
51964.10718890486,0.05379724,0
49855.55349528334,0.051420093,0
43082.900663051005,0.04409364,0
49191.54724905073,0.05068098,0
42269.545342926205,0.043247223,0
40381.50744360914,0.041307904,0
37603.00197042988,0.038521778,0
41196.94630709679,0.04214093,0
40405.2620962156,0.041332472,0
40405.2620962156,0.041332614,0
44348.53593897521,0.045427006,0
46124.570786927805,0.04732561,0
41321.13354573379,0.04226913,0
49234.93243106612,0.050731406,0
43834.807510330924,0.044884905,0
38645.439213933896,0.039559215,0
45166.7329048996,0.046298455,0
51653.74184988659,0.05344885,0
44780.0812640638,0.045886595,0
41989.57136689488,0.042959798,0
37402.45020653019,0.038325325,0
37024.39856976935,0.037952982,0
30148.428728381336,0.031393416,0
39694.027379710285,0.040613566,0
42882.48662135024,0.0438879,0
50204.51752890693,0.051816136,0
49558.14177860447,0.051093947,0
47781.951295994295,0.0491309,0
44387.64464603598,0.045471597,0
51399.1352063383,0.05316313,0
60087.79598140713,0.06333049,0
66553.26023500774,0.07123186,0
72143.59426348901,0.07821012,0
72143.59426348901,0.0782106,0
62946.37144519634,0.066796355,0
72785.6263899692,0.0790202,0
66991.99751568507,0.071774915,0
62052.524334090136,0.06570897,0
54109.37617723967,0.056269433,0
55263.208187458884,0.05761111,0
58739.986152858975,0.061718155,0
55226.57369988933,0.05756891,0
57111.41024606128,0.059783544,0
60762.05943681571,0.06414766,0
59343.30682286903,0.06244118,0
64714.93344113307,0.068966895,0
68562.01956422135,0.07373064,0
71068.62296331042,0.07686613,0
65442.900741441204,0.06986441,0
67336.70461809917,0.07220793,0
69306.96607312966,0.074661754,0
76295.89419764437,0.08347361,0
76295.89419764437,0.08347413,0
73122.26711664542,0.07945347,0
81699.45811355673,0.09039532,0
81006.19679234645,0.089502685,0
81006.19679234645,0.08950328,0
79281.66590582338,0.08728887,0
69838.71072224487,0.07532993,0
68366.67785827731,0.07349283,0
61859.62157620391,0.065482765,0
65136.111073258406,0.06949139,0
56144.44654530259,0.058649767,0
57682.07057152676,0.060465846,0
57687.64127568197,0.06047276,0
58048.29462494015,0.06090159,0
57421.6652981152,0.06015797,0
54240.83672682637,0.056429476,0
52372.647474015816,0.05427996,0
50433.78050220473,0.052083477,0
46300.84893102493,0.047527093,0
50257.504641128326,0.05188602,0
56101.32853716185,0.058601905,0
59693.99218506472,0.062871315,0
55610.47413499544,0.058026914,0
55610.47413499544,0.058027193,0
49968.30172753032,0.05156309,0
52642.533722840904,0.0545908,0
42967.40258702998,0.043985114,0
39438.01083673981,0.040362597,0
40569.57940678288,0.041509815,0
33261.10474886504,0.034321696,0
31473.192470311544,0.032634076,0
39841.1433119427,0.04077026,0
31909.82560915237,0.033044245,0
36488.60961125551,0.03743448,0
28852.982057077283,0.030199504,0
28852.982057077283,0.030199569,0
25984.905576801393,0.02757371,0
16242.854972591902,0.018683132,0
23265.869681111537,0.025105573,0
24580.768693377322,0.026297847,0
16281.896403162144,0.01871963,0
13881.477982470036,0.016453763,0
11656.00494000097,0.014290163,0
3555.3104445685003,0.005510658,0
0.0,0.0009166428,0
220.98420736446516,0.0012205336,0
0.0,0.0009166461,0
7472.3705747443055,0.009979343,0
9126.659561637936,0.011729726,0
5665.480048371442,0.007981854,0
3719.554468262646,0.005709129,0
7363.388253364621,0.009861623,0
27.58673609719517,0.0009547382,0
0.0,0.0009166577,0
3868.4425611261795,0.0058880867,0
8937.884774318114,0.011533454,0
8937.064613613882,0.011532616,0
11320.519320930616,0.013957736,0
11963.935380968604,0.014594273,0
11963.935380968604,0.014594294,0
10824.609507720992,0.013462347,0
17823.796117785103,0.020149058,0
19277.956949841286,0.021483168,0
19895.801720241205,0.022047082,0
12056.692907769348,0.014685608,0
13767.967483635384,0.016345639,0
5488.610624294248,0.007781049,0
3501.854096705353,0.005446055,0
1868.4732502574545,0.003406229,0
2755.371002943876,0.0045284494,0
5510.8538398557075,0.007806433,0
0.0,0.0009166872,0
3786.2082420538063,0.0057895384,0
0.0,0.00091669045,0
7958.705868874738,0.010501475,0
9621.310250866409,0.012241051,0
6917.7596550223825,0.009376925,0
6241.391477573521,0.008629658,0
4671.318656341164,0.0068383403,0
5800.611403317604,0.008135097,0
14027.39520489022,0.01659425,0
14027.39520489022,0.016594274,0
5165.02316044315,0.0074107335,0
9207.172242719002,0.0118138455,0
12720.430286860463,0.015334839,0
17845.50611530915,0.02016982,0
16091.100671942459,0.01854288,0
11108.682669756463,0.013747232,0
11851.322940589993,0.014483993,0
21237.75918627357,0.023268715,0
12478.494458849202,0.015099244,0
12597.12754524037,0.015214963,0
10599.505905559838,0.013236588,0
20554.493685763853,0.022647964,0
17649.064820368105,0.019988997,0
9951.988388272128,0.012580005,0
8248.501498699168,0.010809789,0
11442.306957308654,0.014079566,0
14406.976333465574,0.016956476,0
16243.458351314806,0.018685473,0
25053.53740890286,0.026730115,0
34144.85598607907,0.035171583,0
33484.703602681686,0.034540847,0
35520.83828159063,0.03649851,0
33550.073863371494,0.034603324,0
26086.55431437987,0.02767002,0
19339.77061648957,0.021541094,0
13516.389326381372,0.016105097,0
13903.513557625187,0.016476482,0
15808.10821201322,0.018278796,0
17347.740460366855,0.0197112,0
23407.978090893266,0.02523769,0
14993.5837835171,0.017512765,0
23153.95469195035,0.02500751,0
19080.470729946348,0.021304362,0
18029.64720860311,0.020340325,0
16291.62619766279,0.018730875,0
18205.22268089338,0.020501884,0
16433.456946146525,0.018863108,0
21536.129295050443,0.023541175,0
28104.90271383026,0.029516594,0
28905.066735000066,0.030253163,0
31506.929272233334,0.032672748,0
37176.320473218686,0.038119543,0
45993.92386440277,0.047214523,0
47327.64275360282,0.048662663,0
56746.447745695186,0.059391346,0
56212.958513022924,0.05876256,0
47018.66888858289,0.04832607,0
47344.334872536376,0.048681628,0
56063.07983750757,0.058587145,0
55688.63886189231,0.058147755,0
64699.295280980485,0.0689987,0
64699.295280980485,0.068999045,0
56421.93806225409,0.059010495,0
52028.63311328234,0.053915206,0
54025.313426606925,0.056210387,0
56904.44501555919,0.059580795,0
47995.75318121317,0.04939751,0
56043.81870342667,0.0585668,0
50370.474256043206,0.052038882,0
41337.72847701883,0.042311527,0
47864.54469602257,0.049254023,0
44926.60247479036,0.046072535,0
46020.3429705577,0.047246393,0
48649.51882221812,0.05012014,0
50620.778686573314,0.052321818,0
59779.695885096065,0.0630133,0
61881.486255906835,0.065555975,0
64394.50204445237,0.0686296,0
58091.27000339287,0.06099282,0
58675.34581227147,0.061690114,0
63949.191199277884,0.068083555,0
58484.643705670795,0.06146282,0
50086.75823786284,0.051723182,0
43354.09340583125,0.04440956,0
41741.39920961535,0.042730443,0
39475.540350494906,0.04041639,0
39599.56154355563,0.04054172,0
39833.710485849646,0.040778633,0
37489.392493910455,0.038432557,0
30395.926342320538,0.031637203,0
21636.754681451624,0.023633944,0
22732.036652701034,0.024627157,0
24052.405150457453,0.02582448,0
25209.878663658914,0.02687535,0
16183.775631657509,0.018631605,0
14206.334780628866,0.016767127,0
14206.334780628866,0.016767116,0
12885.8598376652,0.01549739,0
15797.303466213762,0.018270284,0
15797.303466213762,0.01827031,0
22640.610999221382,0.024544695,0
14184.361603750742,0.016746279,0
16141.224951695942,0.018592088,0
17660.463551412387,0.020001942,0
18370.11480839099,0.020654747,0
13287.063658258996,0.015885755,0
23077.170325945444,0.024940653,0
32056.783666885472,0.033193946,0
30061.2011142501,0.031327132,0
31155.837179897186,0.032347962,0
30189.412397348617,0.031446435,0
30189.412397348617,0.031446498,0
33025.80273337732,0.034110967,0
32818.68425401797,0.033914518,0
23298.785150915748,0.025141932,0
16840.430258861546,0.019243425,0
18044.285568386542,0.020356013,0
20031.480069229852,0.02217509,0
16338.754934552202,0.018776817,0
11077.234812486671,0.013717795,0
9124.014179330896,0.011729348,0
7203.732576314642,0.009690441,0
10754.648679990158,0.013394593,0
10256.44613732552,0.012891551,0
1711.145092898887,0.003203991,0
0.0,0.0009168827,0
9850.292403239426,0.0124778785,0
17336.439085981037,0.019703323,0
11829.58703881637,0.0144647965,0
10023.044424666752,0.012654308,0
3640.8824522447185,0.0056155166,0
324.736735706917,0.0013626612,0
0.0,0.000916893,0
6652.235466522623,0.009086845,0
13980.699137316627,0.016552558,0
12900.272090785296,0.015512167,0
5700.019625220553,0.008022826,0
6671.787926314322,0.009108451,0
7064.021442374473,0.009538538,0
0.0,0.00091690326,0
0.0,0.00091690477,0
1307.1275411986633,0.0026774607,0
1728.5128686211262,0.0032265382,0
9320.542802856367,0.011933365,0
19151.198319404095,0.021372378,0
16259.98506668533,0.018704059,0
15936.035863898276,0.018401405,0
13092.260850610137,0.015698425,0
14604.129423411778,0.017146664,0
14895.338254361133,0.017422566,0
15964.77377855813,0.018428393,0
10166.917636805167,0.012801108,0
670.8995332265586,0.0018316925,0
6275.152503939229,0.008669091,0
1498.4011541564341,0.002927825,0
2846.2200372779025,0.0046425154,0
7546.7237610743705,0.010062061,0
7310.27726729065,0.009806549,0
5314.666725425395,0.0075841155,0
3696.6561837671015,0.0056830663,0
3970.8132880731973,0.006012179,0
0.0,0.0009169352,0
0.0,0.00091693667,0
0.0,0.0009169381,0
8829.484750121308,0.01142316,0
10744.742949492957,0.013385387,0
2573.18278583572,0.0043019406,0
3583.8163977602317,0.005546797,0
4011.356827235056,0.0060606627,0
0.0,0.00091694674,0
0.0,0.00091694813,0
1542.3416477581304,0.0029851496,0
3481.2461160215826,0.0054224594,0
2074.713383124541,0.0036714214,0
10335.542720921661,0.012972597,0
3951.2457321692527,0.0059889117,0
0.0,0.00091695675,0
0.0,0.00091695815,0
1759.8325892766552,0.0032671776,0
4068.2481856933646,0.0061285864,0
4191.848167232142,0.0062755323,0
3343.299070761188,0.0052545676,0
1730.3553092809273,0.0032291098,0
0.0,0.00091696664,0
0.0,0.0009169681,0
0.0,0.0009169695,0
3377.5306208137063,0.005296357,0
12032.589402019972,0.014665823,0
12032.589402019972,0.014665842,0
13957.858287890569,0.016531913,0
13128.229531630875,0.015734095,0
16388.773606093822,0.018825317,0
25023.581672423985,0.02671058,0
29426.73089104279,0.030743947,0
37021.778936929666,0.037981387,0
37021.778936929666,0.037981484,0
44969.493286203964,0.046137754,0
39382.514478638936,0.04033505,0
38447.23730926756,0.0393962,0
38448.4024930893,0.039397463,0
33229.730174589895,0.03431151,0
38429.84107383186,0.039379116,0
36643.49373403752,0.037610114,0
46174.714200495604,0.047434196,0
54865.59181480591,0.057220135,0
60503.410074743704,0.06392333,0
64336.52311207454,0.06860049,0
62207.62983420085,0.065992996,0
60247.102825873764,0.063614495,0
64833.29883541789,0.069213375,0
58969.65669808581,0.062078234,0
55213.4514294684,0.05762819,0
58117.82294636167,0.061060175,0
52762.31676438854,0.054786943,0
48145.54818422112,0.049588606,0
50120.19325723396,0.051786344,0
58305.2471459738,0.061284866,0
63330.82563344914,0.06736887,0
70253.30984405377,0.07596371,0
69142.90773400968,0.074572176,0
66676.43654259894,0.07149767,0
57925.063088154544,0.06083268,0
50105.33540097312,0.051770948,0
46444.18783631875,0.047729176,0
53953.96084423668,0.056164227,0
61127.92326912816,0.064685136,0
66420.94227682563,0.07118258,0
68405.63927930455,0.0736533,0
77306.12057091593,0.08490701,0
73938.4575530726,0.08061782,0
76852.95842009367,0.084328115,0
69252.01725471306,0.07471302,0
75299.93786578572,0.08234926,0
68045.93852009712,0.07320645,0
64622.3908770693,0.06896123,0
69658.89379620293,0.07522415,0
78573.88784072154,0.08653453,0
85744.01693175263,0.09583263,0
86976.28780232975,0.097452015,0
91815.84239260947,0.10387623,0
86862.13711531254,0.09730294,0
80239.30638272043,0.088678986,0
81158.89921942564,0.08986677,0
80668.41352408032,0.08923345,0
78336.3563452455,0.08623338,0
76629.8060865741,0.08404961,0
77607.99871937554,0.08530113,0
75808.35711078526,0.0830028,0
76030.62988057527,0.08328649,0
75248.59664470691,0.08229096,0
81839.8509583679,0.0907518,0
73947.87850629714,0.08063854,0
77368.13811695534,0.08499681,0
74627.79492503277,0.0815023,0
79135.22692972992,0.087263845,0
79651.22633776566,0.087928005,0
87378.83357696849,0.097992785,0
87378.83357696849,0.09799337,0
90962.08494335975,0.10274739,0
86373.27007311958,0.09667094,0
95214.43446289148,0.10847239,0
100724.54039727147,0.11601787,0
93509.62181296555,0.10616771,0
93509.62181296555,0.10616843,0
103025.1981839442,0.11919148,0
100169.0448638051,0.115256906,0
100579.92160990227,0.11582328,0
108178.21414444257,0.1263501,0
108333.37090821394,0.12656847,0
107452.89539597648,0.12533839,0
102452.35321335307,0.11840681,0
100465.54824416844,0.115670286,0
102372.87564730589,0.11829907,0
100816.72032491944,0.11615556,0
94730.97312691243,0.107827336,0
97705.9154048128,0.11188232,0
96866.48773649018,0.110734545,0
101908.77439042967,0.11766378,0
98325.86524542654,0.11273481,0
108240.554286453,0.12645096,0
116654.38230202539,0.13843606,0
107749.03644052512,0.1257654,0
106122.9393070788,0.12350005,0
96127.48007144392,0.10973156,0
103005.0682960625,0.11918266,0
96361.36020898307,0.11005199,0
95457.52375247779,0.108822115,0
95519.68472481702,0.108907364,0
104095.84393857473,0.12069347,0
96478.6573784957,0.11021515,0
93455.2955276683,0.106114216,0
95881.90801078246,0.10940319,0
88093.97998824567,0.09895786,0
88093.97998824567,0.09895844,0
82748.5469665567,0.091952465,0
81195.0420981953,0.08993886,0
79227.82310995326,0.08740179,0
79227.82310995326,0.08740224,0
85275.85879897974,0.09525236,0
84159.52693654707,0.09379278,0
84337.40833794468,0.09402557,0
91658.1218388598,0.103706315,0
91658.1218388598,0.10370697,0
90872.79384369329,0.10265714,0
90537.43536120199,0.102210134,0
95628.82258531672,0.1090693,0
96396.72217105588,0.11011649,0
103547.33432609435,0.11995358,0
101759.2329567759,0.11748578,0
98670.82467419216,0.113233805,0
98670.82467419216,0.11323464,0
93365.91310869159,0.10600825,0
90112.5252856069,0.1016487,0
80124.4840623028,0.088564225,0
74947.78834845804,0.08193325,0
66311.5207437673,0.071075164,0
68158.34509361748,0.07337439,0
63985.566550372365,0.06820208,0
61522.90415731614,0.06519027,0
69628.88413752645,0.07521569,0
66232.00314383853,0.070980385,0
64293.03267055246,0.0685816,0
55497.57156855841,0.05798574,0
51458.89559195849,0.05331887,0
44744.632457406675,0.04591496,0
37194.589696726456,0.03816365,0
29671.510230842803,0.030978277,0
31521.88539494611,0.032705396,0
25324.460721320225,0.02698998,0
26217.07814346294,0.027803196,0
27105.087406702973,0.028614651,0
22044.310746540825,0.024012145,0
15420.510862232108,0.017922021,0
5685.087120337987,0.008007906,0
11073.938708769123,0.013718128,0
19257.981432898865,0.021476094,0
27021.808426124946,0.028538711,0
26818.846938734445,0.02835312,0
22598.217437155614,0.024515018,0
20464.630844859388,0.022576759,0
13662.226112188215,0.016251605,0
7013.556898278344,0.009485839,0
7080.459510401426,0.009558878,0
11869.844175175971,0.014508316,0
4985.309386779374,0.007206621,0
0.0,0.00091718364,0
0.0,0.0009171849,0
0.0,0.00091718615,0
9112.989345329788,0.0117211705,0
6159.530430380574,0.008542129,0
6159.530430380574,0.008542139,0
7313.707123087535,0.0098125925,0
16269.30108247213,0.018717697,0
18267.333362312533,0.0,0
10440.984149806374,0.013082124,0
8073.314131989074,0.010628345,0
4925.13578821171,0.007137018,0
0.0,0.0009171988,0
-1653.7929854198298,0.0009172,0
6699.152572668838,0.00914111,0
9207.821576000708,0.0118197575,0
588.5603142282052,0.0017212257,0
0.0,0.000917205,0
0.0,0.0009172063,0
1478.523802054323,0.0029027404,0
7766.202215435952,0.010300506,0
411.57651740558595,0.0014814105,0
1859.6253692574983,0.0033966773,0
0.0,0.0009172125,0
2018.9096907543808,0.003601069,0
0.0,0.000917215,0
0.0,0.00091721624,0
6018.774430828606,0.008384658,0
4390.53501387912,0.006512091,0
3518.4225169532074,0.005469014,0
377.01577213712517,0.0014344015,0
0.0,0.00091722247,0
0.0,0.0009172237,0
1999.5156681559502,0.0035762885,0
0.0,0.00091722613,0
0.0,0.0009172274,0
185.3423077803772,0.0011724402,0
0.0,0.00091722986,0
0.0,0.0009172311,0
0.0,0.0009172323,0
8521.191196365311,0.011102715,0
7180.911828489407,0.009668769,0
1296.7993682778406,0.0026648045,0
2230.344666224076,0.0038706244,0
3310.209776286695,0.005215557,0
0.0,0.0009172397,0
1962.170209465745,0.0035284993,0
0.0,0.00091724214,0
5196.473168567767,0.007450646,0
14237.722101347821,0.016803266,0
16186.306952816221,0.018641153,0
7178.4251198058755,0.009666172,0
6479.151804224075,0.008898402,0
11357.255550267113,0.014001594,0
9832.65794888558,0.012463917,0
19063.672591636903,0.021299541,0
18844.640600622566,0.02109888,0
27035.610060865332,0.028554277,0
32279.101804498227,0.033423558,0
29116.08264284339,0.030467894,0
36085.51813096868,0.037080567,0
41964.22080000571,0.04299937,0
44428.42826136584,0.04558859,0
50530.37450218854,0.052281838,0
48431.44125932446,0.049935523,0
46503.91480299887,0.04782117,0
49979.03939868067,0.051661633,0
54958.30241588864,0.057372633,0
57653.18523796923,0.060554005,0
58940.44607861965,0.06209338,0
59854.36545488017,0.063193396,0
55692.58892483632,0.058234442,0
55344.61363806673,0.057826065,0
64690.037445472684,0.06909848,0
73832.7340962686,0.08055547,0
73334.740910103,0.079924054,0
73835.7277150107,0.080559984,0
68879.1852649213,0.07430946,0
61348.1825811284,0.06500481,0
51367.050886481025,0.05323224,0
51367.050886481025,0.05323241,0
46214.12478921627,0.047508847,0
52996.11876520851,0.05509745,0
46059.00876688763,0.047341138,0
48064.03696887929,0.04953239,0
53458.96942602104,0.055632297,0
54930.23502655524,0.05734357,0
57899.52616455998,0.06085181,0
56500.873712973174,0.059190895,0
48888.49393973711,0.05044645,0
55203.40155225953,0.05766411,0
53076.111957808374,0.055191293,0
60167.05982185198,0.063576244,0
67560.0535180954,0.07266564,0
68742.9630387694,0.07414414,0
75693.91569986413,0.08293263,0
77690.06481255147,0.08548679,0
71000.06030582459,0.07698031,0
71707.01566705773,0.0778724,0
65636.75500618195,0.070276424,0
56466.701516380075,0.059152994,0
57661.594743053574,0.060571216,0
61000.14369222719,0.06458782,0
